V1,V3,V5,V7,V8,V10
2187.7333,-0.0034,2834.0,608.17,-0.0044,75.2
2230.4222,-0.0148,2853.0,620.3582,0.0017,81.0
2186.4111,0.0013,2936.0,625.9636,0.0287,96.5
2199.0333,-0.0033,2936.0,625.2945,0.0277,123.7
2233.3667,-0.0072,2865.0,645.7636,-0.0048,123.1
2233.3667,0.0055,2865.0,635.4936,0.021,119.3
2230.4222,0.0105,2853.0,618.2745,0.0288,122.5
2248.9,0.0007,2865.0,635.8891,0.0086,201.1
2248.9,-0.0066,2865.0,632.5727,0.0306,116.8
2248.9,0.0049,2865.0,638.63,0.0008,211.9
2195.1222,0.0013,2891.0,617.6045,0.0356,146.2
2196.2111,-0.0154,2865.0,635.6382,0.0223,150.5
2195.1222,0.0216,2936.0,627.5409,0.0258,71.9
2184.4333,-0.0031,2872.0,608.79,-0.0093,80.2
2224.6222,-0.0119,2887.0,619.35,0.027,197.9
2224.6222,-0.0024,2875.0,624.0573,0.0347,126.0
2270.2556,-0.0037,2845.0,631.9864,0.0299,102.3
2270.2556,-0.0027,2845.0,639.8027,-0.1003,158.7
2207.3889,0.0014,2845.0,634.9736,-0.0095,28.9
2208.8556,-0.0179,2936.0,625.3827,-0.0019,100.1
2201.0667,0.0116,2839.0,637.3145,0.052,84.7
2207.3889,-0.0044,2839.0,633.9082,0.0455,73.9
2207.3889,-0.0114,2845.0,640.8409,0.0217,58.7
2160.3667,-0.0138,2887.0,620.9409,0.0225,136.5
2203.9,0.0073,2848.0,618.9891,-0.0164,136.6
2257.1667,0.0058,2864.0,616.7164,-0.0038,148.8
2257.1667,-0.0056,2856.0,603.9627,0.0377,179.4
2223.0333,0.0204,2890.0,631.2591,0.0153,117.0
2190.4889,0.0032,2890.0,629.91,0.0195,211.9
2180.3778,0.0138,2849.0,621.0227,0.0472,141.5
2191.6667,0.0177,2864.0,618.6836,0.0415,186.2
2180.3778,-0.0056,2849.0,621.2864,0.0372,202.2
2197.3111,-0.0029,2910.0,612.82,0.0264,52.1
2197.3111,0.0064,2864.0,611.83,0.0481,167.8
2225.1777,0.017,2876.0,638.8782,0.0431,121.6
2191.6667,0.0115,2854.0,618.0982,0.0324,137.6
2223.1667,0.0088,2890.0,630.7564,-0.0108,116.4
2221.8445,0.0211,2849.0,620.7518,0.0012,229.6
2222.6778,0.0079,2936.0,627.26,0.0313,98.3
2169.4667,-0.0013,2864.0,615.4873,-0.0029,128.7
2221.5778,0.014,2890.0,632.2182,0.0077,92.9
2180.3778,0.0137,2856.0,607.1155,0.0289,102.7
2180.3778,0.0092,2910.0,607.6555,0.0397,53.5
2174.8666,0.0067,2875.0,634.2891,0.0216,184.0
2166.5222,-0.008,2859.0,605.4255,-0.0208,99.0
2166.5222,0.005,2859.0,597.61,-0.0074,146.9
2166.5222,0.0034,2856.0,607.94,-0.0007,143.1
2166.5222,0.011,2887.0,623.1345,-0.04,172.4
2169.4667,0.0067,2908.0,618.6736,-0.0374,254.0
2174.8666,0.0065,2859.0,613.8827,-0.0108,129.0
2172.9778,0.0052,2832.0,613.2182,0.0048,180.1
2180.6778,-0.0076,2910.0,610.4073,-0.0115,149.1
2166.5222,0.0146,2892.0,603.6827,-0.0218,162.0
2172.9778,0.0047,2864.0,616.1764,0.0143,57.4
2180.6778,0.0031,2859.0,608.1282,-0.0276,187.7
2166.5222,0.0033,2836.0,614.0282,-0.0332,181.2
2206.5112,0.0029,2910.0,613.17,-0.0329,133.1
2164.4111,0.0116,2832.0,595.3218,-0.0473,136.7
2223.8,0.0263,2849.0,621.2836,0.0365,160.8
2197.3111,-0.001,2832.0,611.5773,0.0016,131.1
2206.5112,-0.0042,2859.0,600.7445,-0.0275,228.7
2220.5445,0.0044,2875.0,626.81,-0.021,158.2
2206.5112,0.003,2892.0,611.3773,-0.0248,157.4
2246.4889,-0.0023,2832.0,608.3618,-0.0333,198.1
2187.5222,0.0071,2891.0,597.3318,0.0267,171.6
2202.7111,0.0068,2862.0,608.1364,-0.0277,130.6
2202.7111,0.0136,2915.0,613.58,-0.0447,153.9
2202.7111,0.007,2864.0,613.01,-0.0366,143.7
2246.4889,0.009,2888.0,620.7982,-0.019,150.9
2220.5445,0.0077,2910.0,611.83,-0.0159,128.2
2246.4889,-0.0058,2915.0,616.6455,-0.0135,206.1
2191.6667,0.0076,2910.0,613.8764,-0.0134,127.6
2191.6667,0.0011,2910.0,606.8355,-0.0319,105.6
2220.5445,0.0064,2832.0,609.9064,-0.0331,122.0
2199.3334,-0.0042,2906.0,611.2491,0.0189,128.4
2191.6667,-0.0029,2892.0,619.2591,-0.036,169.7
2183.4333,0.0022,2906.0,613.6809,0.0336,145.8
2191.6667,0.0022,2888.0,622.63,-0.0404,120.9
2183.4333,-0.0042,2875.0,622.8191,-0.0385,109.1
2246.4889,-0.0099,2910.0,612.3109,-0.0426,171.7
2183.4333,-0.0016,2888.0,624.5064,-0.0278,116.1
2246.4889,-0.001,2875.0,629.4655,-0.0029,127.5
2239.3,0.0064,2859.0,603.5291,-0.022,141.8
2202.7111,0.0165,2906.0,620.4782,0.0307,122.1
2246.4889,0.0033,2888.0,619.6709,-0.0276,139.3
2199.3334,-0.0044,2891.0,605.5045,0.0269,44.1
2199.3334,-0.0111,2891.0,602.0091,0.0024,66.4
2183.4556,0.0007,2849.0,613.0836,-0.0299,40.3
2265.1889,0.023,2849.0,615.8845,-0.0164,32.0
2191.9,-0.0009,2891.0,598.2927,0.0273,106.2
2265.1889,-0.0098,2808.0,626.0173,-0.0165,124.4
2174.8666,0.0349,2864.0,618.0136,-0.0013,85.5
2246.4889,-0.0167,2832.0,611.5009,0.0389,40.7
2193.1555,0.0008,2908.0,599.6655,0.0129,129.1
2172.3666,0.0043,2854.0,604.4064,0.0379,87.5
2180.1556,0.007,2891.0,596.9864,0.0352,62.4
2191.6667,0.0006,2875.0,631.4736,-0.0264,144.3
2265.1889,0.0028,2849.0,620.8382,-0.0315,84.9
2183.4556,0.0194,2849.0,617.4573,-0.0334,187.1
2232.5889,0.0053,2910.0,596.9264,-0.0343,164.3
2265.1889,0.0041,2849.0,621.5145,-0.0383,51.3
2209.9222,-0.0046,2849.0,612.2727,-0.0416,110.9
2213.7667,0.0004,2908.0,614.07,0.0317,116.2
2265.1889,-0.0024,2834.0,615.5427,-0.0167,141.6
2191.9,-0.0093,2894.0,622.3855,0.0365,125.4
2220.7111,0.0169,2906.0,611.7545,0.0138,218.8
2171.9,0.0044,2899.0,617.0082,0.0129,152.3
2172.3666,0.0094,2906.0,610.43,0.024,162.4
2171.9,0.0026,2908.0,618.9864,0.0275,131.5
2171.9,-0.0063,2870.0,621.1409,-0.0011,123.3
2220.7111,0.0153,2836.0,613.6064,-0.0361,185.9
2197.8445,0.0118,2906.0,617.9164,0.0377,65.4
2197.8667,0.0029,2856.0,611.5891,-0.028,152.5
2210.6111,0.0152,2892.0,619.1182,-0.0399,106.5
2181.1555,0.0006,2894.0,617.8382,0.0219,154.4
2232.5889,0.0151,2875.0,634.3218,-0.0323,164.1
2178.1444,-0.0059,2899.0,622.09,0.0284,249.0
2232.5889,0.009,2908.0,617.7182,0.0227,72.0
2220.7111,0.0069,2899.0,618.6682,0.0261,169.3
2171.9,0.004,2875.0,623.51,-0.0138,122.1
2183.4556,-0.0068,2891.0,597.6182,0.0252,170.1
2171.9,-0.001,2875.0,619.4364,0.0248,127.0
2222.3222,0.0006,2915.0,616.1336,-0.022,120.0
2222.3333,-0.0007,2892.0,612.0164,0.0167,108.5
2239.4223,-0.0002,2878.0,636.1173,-0.0251,94.1
2196.6555,0.0033,2894.0,600.8955,-0.0051,144.3
2191.9,0.014,2875.0,619.7018,-0.0339,170.6
2239.4223,-0.0057,2878.0,635.9182,-0.002,35.4
2232.5889,-0.0045,2859.0,604.89,-0.042,142.7
2220.4444,-0.0013,2892.0,614.45,-0.0261,146.6
2183.4556,0.0083,2904.0,605.8645,-0.0415,179.7
2171.9,0.0074,2894.0,598.3727,0.021,164.3
2196.6555,0.0028,2892.0,613.1073,-0.0311,246.0
2172.3666,0.0056,2891.0,591.5455,0.035,156.8
2242.2444,-0.0004,2899.0,623.5573,0.0419,187.1
2222.3222,0.0098,2864.0,619.4227,-0.0527,101.9
2178.1444,0.0124,2906.0,612.8382,0.0446,87.1
2178.1444,0.007,2899.0,619.2964,0.052,109.0
2171.9,0.0093,2894.0,613.9891,0.0387,222.2
2181.1555,-0.0149,2899.0,620.6755,0.0177,153.3
2224.4778,-0.0074,2841.0,616.8782,-0.0012,74.1
2224.4778,-0.0036,2841.0,608.7327,-0.0001,78.3
2196.6555,0.0136,2899.0,617.5745,0.0218,144.5
2222.3222,0.0036,2859.0,581.7773,-0.0425,160.0
2196.6555,-0.008,2859.0,600.5091,-0.0309,162.0
2196.6555,-0.0057,2915.0,621.9391,-0.0456,71.7
2222.3222,0.0067,2906.0,615.0864,-0.013,114.9
2242.2444,-0.0031,2904.0,614.3909,-0.0308,173.3
2224.4778,-0.0048,2878.0,635.4591,0.0235,177.3
2222.0,-0.0035,2894.0,589.64,0.0399,179.3
2219.8222,-0.0027,2830.0,615.4873,0.0446,102.4
2180.1556,-0.0029,2846.0,613.3427,-0.0017,211.5
2222.3222,0.0047,2908.0,616.5327,0.037,172.2
2242.2444,0.0085,2907.0,606.58,-0.0588,96.9
2196.6555,-0.0003,2910.0,621.1836,0.0171,151.3
2186.2667,-0.0088,2880.0,634.1618,0.0292,84.8
2181.6111,-0.0043,2864.0,614.0618,0.043,150.9
2208.0,0.0018,2870.0,632.4527,0.0192,95.8
2181.5111,0.0038,2889.0,624.1364,-0.0232,152.0
2184.8778,-0.0085,2830.0,605.9064,0.0061,226.1
2184.8778,-0.0196,2825.0,619.5764,0.0122,107.3
2221.9444,0.0026,2878.0,616.3218,-0.0056,125.5
2184.8778,-0.0133,2825.0,615.4473,-0.0331,164.8
2181.6111,0.0059,2891.0,601.3382,0.0338,148.9
2217.7556,0.0041,2830.0,611.3327,0.0186,114.6
2221.9444,0.0082,2880.0,624.7255,-0.0183,42.4
2218.7889,-0.0038,2825.0,614.0909,-0.0162,137.9
2184.8778,0.0003,2827.0,604.7391,0.0084,74.7
2218.7889,-0.0008,2825.0,616.4127,-0.0131,134.1
2184.8778,0.0032,2827.0,605.9909,0.0252,69.3
2221.9444,-0.0013,2878.0,625.27,0.0089,169.8
2184.8778,-0.0042,2849.0,615.2791,-0.0263,155.4
2221.9444,0.0146,2878.0,613.7136,0.0,97.5
2248.4222,0.0177,2906.0,615.7773,0.0759,187.4
2234.6111,0.0031,2885.0,631.8491,-0.0016,157.6
2248.4222,0.008,2910.0,623.9345,0.0323,118.0
2248.4222,0.0035,2901.0,608.4018,0.0441,98.6
2248.4222,0.006,2889.0,605.2236,-0.0185,39.2
2234.6111,-0.0117,2892.0,616.4609,0.0154,95.4
2256.1222,0.0001,2895.0,588.2882,-0.0182,169.3
2221.9444,0.0033,2868.0,614.2455,-0.0052,89.9
2256.1222,-0.0013,2849.0,606.91,-0.0016,190.0
2221.9444,0.0042,2878.0,633.6118,-0.009,164.2
2228.0555,0.0027,2908.0,602.3136,0.0325,37.7
2234.6111,-0.0146,2887.0,619.3755,0.0271,196.5
2220.7111,-0.0011,2909.0,617.7536,0.0291,102.7
2221.9444,0.008,2880.0,627.4173,-0.018,171.6
2221.9444,0.0097,2877.0,614.4718,-0.0153,153.5
2221.9444,0.0285,2880.0,626.8609,0.0064,102.5
2138.8778,0.0107,2894.0,611.5936,0.0331,143.1
2171.8111,0.0129,2816.0,631.7745,0.0278,150.3
2171.8111,0.0097,2816.0,628.6464,0.0362,46.6
2139.2667,0.0095,2827.0,608.9473,0.039,164.2
2191.7889,0.0114,2816.0,635.5,0.0214,59.9
2139.2667,0.0097,2827.0,608.7764,0.0215,146.1
2220.7111,0.0097,2854.0,619.7764,0.045,160.7
2304.2111,0.0126,2901.0,604.3445,-0.0093,125.5
2177.1667,0.013,2830.0,615.0882,0.024,73.7
2223.4,0.01,2888.0,615.2755,0.0,117.4
2146.8555,-0.0106,2827.0,606.7182,0.0169,128.5
2165.6222,-0.0119,2816.0,632.7136,0.0195,131.8
2192.6889,-0.0192,2888.0,603.3,-0.0067,45.4
2280.8222,0.0039,2833.0,614.1391,-0.0168,51.9
2205.2889,0.0012,2870.0,624.5164,0.0566,172.7
2212.7111,0.0033,2821.0,611.1245,-0.0318,189.0
2212.7111,0.0093,2824.0,608.6109,-0.0338,101.8
2184.8889,-0.0137,2816.0,626.17,0.0167,110.5
2187.4444,0.003,2845.0,620.2264,0.0567,148.5
2211.3889,-0.0135,2824.0,607.6336,0.0673,143.4
2205.2889,0.0084,2870.0,623.3055,0.0366,105.5
2205.4667,-0.0019,2870.0,630.3318,0.0303,96.8
2216.9556,-0.0015,2821.0,611.4836,-0.0228,109.9
2230.0333,0.0117,2835.0,613.2836,-0.0236,53.1
2179.0445,0.0092,2835.0,605.3018,-0.0098,22.0
2185.9333,-0.0106,2819.0,617.3018,-0.0297,136.3
2205.2889,0.0071,2831.0,608.1227,0.0483,206.2
2205.2889,-0.0143,2845.0,622.1982,0.0462,93.2
2211.3889,-0.0018,2866.0,613.9382,-0.0611,233.1
2273.7556,0.0047,2835.0,613.8309,-0.0558,137.7
2233.7666,-0.0023,2822.0,606.8491,-0.0429,151.8
2233.7666,-0.0127,2821.0,612.0127,-0.0569,150.7
2225.5889,-0.0008,2824.0,609.3136,0.0227,121.2
2205.2889,-0.0034,2845.0,619.9673,0.0641,163.9
2185.9333,-0.0063,2824.0,631.5845,-0.0177,148.2
2197.6444,0.0018,2866.0,612.27,-0.0609,66.7
2197.6444,-0.0113,2866.0,616.9745,-0.0264,127.3
2197.6444,-0.0061,2866.0,614.0473,-0.0376,125.0
2197.6444,-0.0068,2902.0,627.4109,-0.0369,195.6
2179.0445,0.0004,2824.0,607.5818,-0.0253,86.7
2185.9333,-0.0119,2870.0,626.7036,-0.0246,199.2
2185.9333,-0.0015,2833.0,614.6055,-0.033,96.7
2214.0556,-0.0055,2897.0,628.3636,-0.0357,117.7
2204.9223,-0.0008,2831.0,624.3873,-0.0092,92.3
2231.9556,-0.0037,2831.0,614.52,-0.0114,76.0
2177.3222,-0.0001,2823.0,610.0755,-0.0443,93.4
2197.6444,-0.0016,2902.0,627.4355,-0.033,169.5
2230.0333,-0.0181,2829.0,604.6173,-0.0141,83.3
2185.9333,0.0086,2829.0,616.1809,0.0255,123.6
2230.0333,-0.0225,2829.0,607.0309,-0.0537,181.2
2197.2667,-0.0034,2830.0,608.44,-0.0069,111.0
2191.1111,0.0104,2822.0,611.8627,-0.0522,129.0
2185.9333,-0.0088,2828.0,606.8264,-0.031,140.3
2181.1555,-0.003,2829.0,614.0418,0.0367,152.7
2204.9223,0.0134,2831.0,607.3436,0.0283,71.7
2280.8222,-0.0087,2833.0,606.9991,-0.0284,184.1
2177.3222,0.0073,2866.0,618.0736,-0.0418,47.1
2177.3222,-0.0089,2909.0,625.8582,0.0683,128.4
2195.7666,-0.0043,2823.0,595.7927,0.0278,100.5
2195.7666,-0.0025,2819.0,599.2782,0.0191,100.2
2185.8111,-0.005,2914.0,632.2982,-0.0406,96.5
2178.7333,-0.0064,2830.0,607.67,0.0433,115.1
2185.8111,-0.0012,2866.0,619.0827,-0.0383,139.8
2197.2667,-0.0037,2863.0,617.2,-0.0381,102.5
2244.1111,0.0101,2819.0,597.3964,0.0336,114.7
2197.6444,0.0008,2859.0,616.9991,-0.0505,119.7
2244.1111,-0.0019,2913.0,634.3027,0.0286,135.9
2244.1111,0.0057,2859.0,610.72,-0.0318,219.9
2243.7778,-0.0044,2835.0,614.5473,0.0435,132.4
2176.6334,0.0012,2910.0,627.5982,-0.0544,155.4
2197.2667,-0.0044,2830.0,607.7136,-0.01,128.4
2176.6334,0.0004,2863.0,615.3073,-0.0454,101.5
2243.7778,0.0023,2819.0,608.7718,-0.047,228.3
2177.3222,0.0029,2828.0,609.9709,0.0206,154.0
2243.7778,-0.0013,2802.0,611.9664,-0.0473,222.6
2177.3222,0.0112,2859.0,620.2645,-0.034,79.7
2243.7778,0.0021,2909.0,625.4055,0.0353,51.2
2197.2667,0.0026,2902.0,628.3745,-0.0412,67.1
2185.8111,0.0027,2833.0,603.6536,-0.0313,140.6
2243.7778,-0.0103,2909.0,627.2418,0.0721,99.3
2243.7778,0.0015,2819.0,615.0291,-0.0275,33.5
2183.5777,-0.0054,2833.0,609.7145,-0.0389,100.7
2244.1111,0.0017,2835.0,608.5264,-0.0233,166.4
2178.7333,-0.0032,2823.0,608.7309,-0.0304,76.9
2243.7778,0.0073,2909.0,626.2209,0.0417,199.0
2244.1111,0.0069,2824.0,607.4473,-0.0065,186.6
2244.1111,0.001,2897.0,641.9645,0.017,54.2
2243.7778,0.0118,2830.0,612.8,-0.0101,61.9
2178.7333,0.0004,2909.0,630.7636,0.0507,174.8
2185.8111,-0.0147,2866.0,614.6591,-0.0087,137.9
2243.7778,-0.0017,2897.0,628.2818,0.0758,112.3
2201.5777,0.0068,2819.0,611.7655,-0.0324,176.0
2243.7778,0.0067,2823.0,609.6045,-0.0316,94.3
2177.3222,0.0012,2828.0,609.8309,0.0568,134.6
2194.6444,0.0306,2859.0,611.0009,-0.0658,77.9
2214.7111,0.0076,2801.0,619.29,-0.0183,91.2
2194.6444,0.007,2830.0,602.5555,0.0225,136.9
2194.6444,0.0113,2902.0,625.84,-0.0562,122.8
2214.7111,-0.0113,2833.0,608.7009,0.0464,135.8
2214.7111,0.0022,2828.0,608.8491,0.041,93.2
2218.5778,-0.0025,2828.0,607.6764,-0.0442,137.2
2178.7333,-0.0046,2908.0,635.5618,0.046,222.6
2244.1111,-0.0037,2816.0,620.8718,-0.0178,143.3
2214.7111,0.053,2802.0,611.0773,-0.0489,90.5
2194.6444,-0.0093,2861.0,617.5136,-0.0359,33.6
2201.5777,0.0028,2859.0,618.22,0.0739,85.9
2214.7111,-0.0046,2897.0,631.0582,0.0486,89.8
2224.0,0.0024,2830.0,611.3082,-0.0215,157.7
2185.8111,-0.0042,2802.0,596.4182,0.0353,197.8
2218.5778,-0.0105,2835.0,610.4491,-0.0438,183.2
2218.5778,0.0396,2822.0,614.3818,0.0344,200.5
2202.4333,-0.0073,2828.0,601.6464,0.0551,56.5
2201.5777,-0.002,2828.0,604.8227,0.0377,141.7
2195.5333,-0.0103,2821.0,598.3609,0.02,191.2
2238.5444,0.0057,2843.0,623.6509,-0.0334,117.7
2224.0,-0.0067,2801.0,621.0264,-0.0183,116.4
2201.5777,-0.0145,2821.0,587.9964,-0.0369,157.4
2195.5333,-0.0006,2833.0,610.8391,-0.033,126.7
2214.7111,-0.0052,2902.0,629.0709,-0.0465,222.0
2214.7111,0.0016,2824.0,602.9718,-0.0383,114.7
2178.7333,-0.0025,2909.0,624.6418,-0.0263,172.5
2214.7111,-0.0057,2828.0,610.0518,0.0519,135.4
2214.7111,0.005,2823.0,609.9336,0.0107,112.6
2238.5444,-0.0076,2835.0,601.11,-0.0349,119.8
2238.5444,-0.0075,2902.0,633.4954,-0.0381,55.3
2196.6889,-0.0185,2866.0,606.9455,-0.0472,110.8
2196.6889,-0.0135,2821.0,608.03,-0.0376,160.1
2218.5778,0.0366,2861.0,625.28,-0.0207,176.8
2201.5889,-0.0068,2830.0,608.1973,-0.0478,223.1
2224.0,-0.022,2861.0,626.9545,-0.0409,88.3
2180.9666,0.0103,2830.0,610.3745,-0.0269,185.4
2196.6889,-0.0034,2828.0,613.6609,0.0503,146.8
2196.6889,-0.0151,2914.0,630.1173,0.0628,74.2
2238.5444,0.0024,2823.0,614.6764,-0.0291,187.0
2238.5444,0.0058,2909.0,619.9836,-0.0374,174.4
2224.0,-0.0054,2821.0,610.13,-0.0084,128.2
2194.2889,0.0084,2834.0,611.0664,0.0291,145.7
2177.3222,0.0003,2833.0,621.3336,0.0654,110.9
2238.5444,-0.0014,2823.0,615.6173,-0.0153,58.5
2207.0444,0.0072,2830.0,609.3745,-0.0427,124.7
2205.2222,0.0031,2873.0,622.4182,-0.0023,143.9
2197.6778,0.0044,2843.0,631.3464,0.0374,86.6
2208.4444,-0.0036,2824.0,616.0955,-0.0398,169.7
2196.6889,0.0026,2821.0,597.2918,0.0336,146.7
2204.2667,0.0086,2823.0,606.8073,-0.023,113.0
2224.0,-0.0051,2821.0,614.7745,-0.0639,100.1
2207.0444,-0.0032,2866.0,610.98,0.0718,96.6
2201.5777,0.006,2821.0,582.4818,0.0353,197.3
2197.2333,0.001,2825.0,610.8109,0.0157,96.3
2197.2333,0.0082,2825.0,601.6855,0.0257,166.4
2197.2333,-0.0023,2820.0,608.3127,0.0438,89.4
2180.9666,-0.0113,2822.0,611.8491,0.029,90.5
2197.6778,0.0016,2821.0,600.6009,-0.0228,76.6
2218.0555,0.0049,2824.0,607.1264,-0.0259,148.1
2180.9666,0.0057,2801.0,616.5755,0.0387,162.0
2197.6778,0.0039,2909.0,628.22,0.0507,197.2
2194.2889,0.0105,2830.0,622.1827,-0.0341,186.0
2197.2333,0.0107,2873.0,623.8827,-0.0147,86.1
2238.5444,0.0117,2828.0,611.3682,0.033,161.6
2218.5778,0.0141,2902.0,637.8855,0.0308,185.8
2198.7222,0.0087,2824.0,608.7982,-0.0373,72.7
2170.5444,0.0052,2821.0,622.3518,-0.0381,157.3
2196.6889,-0.0162,2824.0,605.0264,-0.0522,43.1
2208.4444,0.0069,2820.0,610.8955,-0.0043,187.4
2208.4444,0.0083,2822.0,614.6018,0.0367,112.4
2186.9889,0.0031,2859.0,610.3173,-0.0328,68.5
2218.0555,0.0048,2913.0,633.6936,0.0782,106.0
2218.0555,0.0097,2861.0,606.8545,0.0263,130.4
2218.0555,0.0039,2861.0,617.3936,-0.0321,142.4
2224.0,-0.0017,2866.0,611.9973,0.0281,132.5
2197.6778,0.0004,2822.0,611.1118,0.0404,105.2
2218.5778,0.0089,2828.0,627.7345,0.0523,207.1
2198.7222,0.0178,2824.0,608.6636,0.0431,161.8
2224.0,0.0101,2811.0,599.1491,0.0423,96.2
2186.9889,0.0015,2825.0,610.4564,0.043,168.2
2186.9889,0.0107,2902.0,627.1736,-0.0552,136.1
2178.0778,-0.0324,2862.0,620.8991,-0.0334,128.9
2208.4444,0.0111,2801.0,619.1936,0.014,119.0
2186.9889,0.0013,2821.0,606.02,-0.0477,188.2
2186.9889,0.0137,2821.0,607.0473,-0.0432,150.0
2198.7222,0.0087,2824.0,610.3036,-0.0442,113.9
2197.6778,0.0095,2861.0,622.3455,-0.0189,74.7
2238.5444,-0.0017,2870.0,620.7318,0.0065,120.8
2196.8,0.0041,2820.0,606.7309,0.0374,104.4
2170.5444,0.0099,2821.0,604.3945,-0.0578,116.7
2218.0555,-0.0021,2913.0,638.0791,0.0074,102.3
2197.6778,-0.0046,2802.0,597.1818,-0.0345,47.0
2205.2222,-0.0329,2820.0,606.4227,0.0357,107.1
2198.7222,0.0072,2861.0,622.5836,-0.0044,164.8
2207.0444,0.0152,2830.0,610.0327,-0.0155,125.1
2197.2333,0.0029,2819.0,608.2509,-0.0413,209.7
2197.2333,-0.0064,2897.0,629.6191,0.0322,127.4
2196.8,-0.0036,2914.0,630.4945,0.0389,167.1
2213.7556,-0.0052,2820.0,607.8545,0.0398,108.7
2186.9889,0.0019,2823.0,611.0473,-0.0635,145.7
2198.7222,0.0091,2861.0,621.3155,-0.0497,107.5
2196.8,-0.0289,2910.0,633.6645,-0.0295,158.3
2205.2222,-0.0001,2824.0,604.8864,-0.0407,136.8
2206.4222,-0.0013,2909.0,618.6455,-0.0204,215.1
2186.9889,-0.0046,2861.0,623.1145,-0.0355,92.5
2197.6778,0.0048,2902.0,628.9764,-0.0225,89.9
2180.0556,-0.0216,2824.0,617.0245,0.0231,185.7
2213.7556,-0.017,2802.0,605.9827,-0.0382,196.9
2167.5,0.0096,2861.0,622.8364,-0.042,105.7
2205.2222,-0.0019,2821.0,601.8373,0.0294,116.1
2198.7222,-0.0181,2830.0,610.4545,-0.0056,156.4
2196.8,0.0063,2910.0,622.6709,-0.0249,183.9
2198.7222,0.0125,2825.0,606.2809,-0.0018,106.8
2213.7556,-0.0185,2820.0,606.92,0.0374,61.1
2197.2333,0.0018,2861.0,621.0127,-0.035,147.7
2202.1222,-0.0173,2830.0,607.1727,-0.0061,50.3
2202.1222,-0.0203,2823.0,609.5127,0.0437,191.9
2213.7556,-0.0239,2822.0,612.6209,0.025,115.5
2218.5778,-0.0148,2861.0,623.6918,-0.023,130.7
2213.7556,-0.0146,2830.0,612.6755,-0.0107,127.2
2218.0555,0.0023,2830.0,610.4791,-0.0083,113.1
2218.0555,-0.0148,2828.0,628.3682,0.0371,142.0
2213.7556,-0.0264,2829.0,608.34,-0.0367,134.1
2178.6889,-0.0081,2862.0,619.5591,-0.0193,109.5
2197.2333,-0.0008,2897.0,631.8009,0.0555,50.8
2218.0555,-0.0018,2830.0,608.4055,0.0106,160.0
2186.9889,0.0009,2859.0,614.5418,-0.0173,107.7
2178.6889,-0.0083,2820.0,603.49,0.0183,92.1
2197.2333,0.0228,2843.0,626.8682,-0.0185,40.1
2213.7556,-0.0069,2822.0,605.8191,0.0548,214.4
2178.6889,-0.0103,2849.0,626.2655,-0.0233,71.1
2207.8111,-0.0238,2820.0,608.7173,0.0064,55.1
2218.0555,-0.0218,2823.0,603.5018,-0.0273,37.8
2180.0556,-0.0247,2801.0,618.1955,-0.0247,198.1
2178.6889,-0.0052,2873.0,616.78,-0.0102,76.0
2204.2889,-0.0057,2857.0,629.1573,0.0142,197.9
2200.7,-0.0067,2862.0,619.08,-0.0233,128.4
2205.2222,-0.0059,2825.0,624.8109,-0.0246,41.3
2204.2889,0.0007,2857.0,627.3664,-0.0093,33.6
2197.2333,-0.0029,2834.0,628.1482,0.0559,188.3
2218.0555,0.0082,2802.0,599.6918,0.0508,142.4
2217.3777,-0.0004,2852.0,629.6345,-0.0079,147.0
2207.8111,-0.0213,2854.0,638.9927,-0.0094,51.2
2178.6889,-0.0049,2849.0,624.5673,-0.0263,51.0
2172.5333,0.0094,2849.0,626.2627,-0.0272,95.2
2177.0222,0.0165,2860.0,631.3245,0.0081,131.3
2217.3777,-0.001,2857.0,623.7918,-0.0152,72.3
2172.5333,-0.01,2811.0,600.8982,0.0396,86.8
2178.6889,-0.0109,2848.0,630.4227,-0.0383,35.1
2172.5333,-0.0019,2834.0,610.83,-0.0329,29.5
2217.3777,-0.0055,2861.0,617.7227,-0.0362,168.9
2213.7556,-0.014,2866.0,610.2245,-0.029,124.6
2217.3777,-0.0124,2802.0,596.9536,0.0296,103.9
2213.9333,-0.0118,2850.0,624.6727,-0.037,129.1
2196.0889,-0.0085,2858.0,630.3918,-0.0453,96.5
2177.0222,-0.003,2854.0,637.8036,-0.0392,40.1
2177.0222,0.0009,2854.0,635.0709,-0.0061,103.2
2196.0889,-0.0076,2873.0,617.6555,-0.0075,37.0
2185.3334,-0.0093,2820.0,597.2955,-0.0244,126.0
2207.0444,0.0093,2854.0,637.4018,-0.0439,70.8
2207.0444,0.0056,2873.0,624.0418,-0.0265,36.1
2213.9333,0.0034,2854.0,640.5882,-0.0296,121.9
2203.0445,0.0005,2870.0,621.3218,-0.0075,64.5
2207.0444,0.0026,2851.0,622.9955,-0.0264,72.7
2207.0444,0.0022,2831.0,611.5327,-0.0347,62.6
2172.5333,0.0042,2820.0,605.5364,0.0179,59.3
2187.6667,0.0056,2828.0,622.2618,-0.0073,92.6
2173.4556,0.0034,2859.0,626.1873,-0.0008,103.5
2172.1223,0.0082,2858.0,620.3418,-0.0139,137.9
2172.1223,0.0031,2859.0,622.71,0.0002,42.7
2170.9667,0.0064,2901.0,626.3345,0.0639,106.2
2180.7,0.0129,2901.0,632.4055,0.0003,68.3
2191.5667,0.0048,2887.0,628.7745,-0.0295,82.7
2170.9667,0.0027,2862.0,722.6018,-0.0112,103.8
2113.0778,0.0016,2856.0,630.5455,-0.013,237.5
2235.0556,-0.0048,2854.0,629.5182,-0.0172,59.5
2183.3111,-0.0027,2830.0,607.28,0.0221,212.8
2163.5889,0.0041,2820.0,608.2055,0.03,141.9
2141.0667,-0.0032,2867.0,638.2909,0.0077,41.0
2163.5889,-0.0022,2830.0,615.0545,-0.0123,44.4
2202.2889,0.0025,2849.0,621.8455,-0.0352,49.0
2230.7555,-0.0115,2834.0,613.6245,0.0119,181.2
2170.9667,0.0034,2820.0,610.93,-0.0268,80.1
2230.7555,0.0003,2847.0,620.47,-0.0205,193.3
2198.6889,0.0193,2900.0,619.0991,-0.0113,54.1
2183.1,0.0039,2849.0,618.6909,-0.0282,74.3
2183.3111,-0.0001,2847.0,626.4764,-0.0244,57.4
2230.7555,0.0037,2822.0,604.2545,0.0307,107.5
2231.4889,-0.0004,2857.0,622.8864,0.0566,76.5
2219.1333,-0.0072,2848.0,627.0336,-0.0169,172.6
2235.0556,0.0017,2867.0,637.8018,-0.0093,58.5
2173.6444,0.002,2858.0,625.4055,0.0314,60.7
2179.0778,-0.0066,2802.0,597.64,-0.016,81.9
2230.7555,-0.0027,2854.0,626.6873,-0.0126,158.2
2208.2334,0.0083,2873.0,609.2555,0.0012,130.4
2173.4556,0.0133,2859.0,625.5327,-0.003,127.3
2200.7333,-0.0051,2854.0,631.7055,-0.0138,197.5
2230.7555,-0.0183,2823.0,607.1127,0.0202,144.5
2180.7,-0.0088,2822.0,599.1809,0.0256,55.3
2183.3111,-0.0119,2820.0,603.3055,0.0236,131.6
2183.1,-0.0022,2837.0,616.2755,-0.0098,77.9
2189.6555,0.0057,2828.0,627.3036,-0.0082,80.5
2163.5889,-0.0065,2862.0,621.1327,0.0141,67.1
2183.3111,-0.0095,2847.0,618.1945,0.0232,163.8
2179.0778,0.0002,2857.0,623.7391,-0.0246,47.6
2207.0444,0.0083,2854.0,632.8191,-0.0369,89.6
2163.5778,-0.0165,2851.0,622.4927,-0.0481,27.8
2168.7222,0.0073,2822.0,616.2873,0.0048,84.4
2191.5667,-0.0075,2858.0,610.9564,-0.0025,180.6
2146.1111,-0.015,2851.0,624.0945,-0.0307,50.3
2200.7333,-0.0125,2857.0,626.01,-0.0227,53.8
2235.0556,-0.0134,2824.0,615.0109,0.0222,96.1
2163.5889,0.0088,2858.0,620.2091,0.0428,78.8
2180.7,0.0083,2858.0,623.0245,0.0608,115.1
2208.2334,0.0058,2906.0,630.3027,-0.0069,19.2
2148.6223,-0.0041,2834.0,611.4518,0.0265,193.4
2151.2,-0.0041,2906.0,628.6255,-0.0236,170.2
2180.7,-0.0056,2834.0,614.3436,-0.0087,48.0
2183.3111,0.0017,2847.0,619.1382,0.0264,164.7
2185.3334,0.0065,2849.0,621.46,-0.0393,74.2
2126.6555,-0.0005,2847.0,622.2264,-0.0148,202.0
2235.0556,-0.0029,2858.0,614.0309,-0.0091,66.1
2219.1333,-0.0112,2824.0,611.6564,-0.0009,102.0
2155.6333,-0.0095,2852.0,627.9518,-0.0184,116.9
2163.5889,0.0061,2857.0,618.1518,0.0395,56.0
2180.8333,-0.0037,2858.0,610.2118,0.0132,46.5
2219.1333,-0.0032,2830.0,612.7173,-0.0157,144.1
2183.3444,0.0059,2856.0,620.1236,-0.0064,192.2
2173.6444,-0.0081,2851.0,619.0327,-0.0098,145.7
2208.2334,0.0117,2852.0,632.4409,-0.0197,169.8
2208.2667,-0.0013,2858.0,615.7736,0.0485,61.0
2234.5222,-0.0039,2862.0,622.3282,-0.0073,75.1
2219.1333,0.0133,2852.0,629.6309,-0.0223,108.4
2201.8222,0.0025,2828.0,618.6318,0.0464,83.9
2170.9667,0.0005,2859.0,636.8255,-0.039,158.9
2183.3111,-0.017,2822.0,598.9773,0.0059,174.1
2180.7,-0.0024,2822.0,608.9145,0.0134,137.8
2173.6444,-0.0001,2861.0,630.8345,0.0057,152.1
2183.3111,-0.0002,2847.0,619.4391,0.0162,90.2
2167.2,-0.0013,2873.0,608.2918,-0.0144,213.0
2146.1111,0.0021,2857.0,623.2545,-0.03,65.3
2234.5222,-0.0027,2858.0,626.9036,-0.0043,95.6
2167.2,-0.0044,2843.0,627.2873,0.0407,109.4
2124.8444,0.0044,2873.0,609.9782,-0.0401,173.5
2167.2,-0.0046,2871.0,608.98,-0.0069,143.2
2235.0556,-0.006,2859.0,624.8609,0.0229,181.0
2208.2334,0.0052,2856.0,621.1873,-0.0108,219.8
2253.5111,-0.0082,2856.0,618.3145,-0.0317,105.9
2235.0556,0.0017,2856.0,621.9,-0.0195,67.8
2141.0667,-0.0284,2852.0,627.89,-0.0348,83.3
2235.0556,-0.0005,2856.0,622.3391,-0.0249,105.9
2162.8445,-0.0059,2858.0,621.9036,-0.015,78.5
2235.0556,-0.0029,2873.0,616.4682,-0.0295,127.1
2183.3444,-0.0069,2848.0,630.2764,-0.0266,58.9
2180.7,0.0039,2834.0,614.3736,-0.0259,77.9
2220.4778,-0.0218,2859.0,623.6409,0.0239,84.5
2202.2889,0.0028,2853.0,625.0591,-0.0428,77.4
2183.3444,0.0013,2843.0,626.5164,0.0045,158.9
2155.6333,-0.0063,2833.0,622.3064,-0.0182,71.5
2201.8222,0.0049,2822.0,604.5018,0.0123,195.6
2167.2,-0.0062,2888.0,624.4264,0.0399,103.7
2242.8555,-0.0003,2856.0,621.93,-0.0061,178.0
2216.4778,0.0009,2858.0,621.2182,0.0186,123.8
2242.8555,-0.0049,2867.0,636.9327,0.0955,229.7
2216.4778,-0.0124,2855.0,632.3891,0.0178,180.0
2228.4444,0.0092,2843.0,618.4909,0.0127,119.3
2167.2,-0.0059,2824.0,612.5264,0.0093,203.7
2216.4778,0.0095,2856.0,623.5055,-0.0023,235.4
2216.4778,0.0027,2852.0,621.4736,0.0125,186.2
2216.4778,0.0061,2858.0,620.8191,-0.0011,227.9
2163.8667,-0.0056,2820.0,606.4245,0.0239,116.1
2235.0556,-0.0045,2858.0,619.9809,0.0379,147.4
2216.4778,0.0064,2856.0,618.0582,-0.0085,74.7
2155.6333,0.0068,2852.0,632.0682,-0.0295,89.1
2180.7,0.0037,2848.0,628.3673,-0.0326,202.4
2126.6555,-0.0087,2852.0,632.7045,-0.0024,137.4
2124.8444,-0.0159,2858.0,614.2173,-0.0046,52.3
2164.3,-0.0051,2876.0,617.7045,-0.008,140.1
2164.3,0.0055,2867.0,620.9682,-0.0122,25.2
2253.5111,-0.0021,2836.0,638.6918,0.0442,69.9
2162.8445,0.0013,2906.0,633.7809,-0.0133,200.3
2167.2,-0.0018,2840.0,625.5182,0.0173,82.9
2242.8555,0.0008,2846.0,612.5955,0.0699,39.2
2180.7,0.0027,2826.0,614.0973,0.0381,143.4
2167.2,0.0039,2855.0,623.5655,0.0396,42.0
2242.8555,0.0167,2858.0,617.51,-0.0032,129.5
2220.4778,0.0013,2881.0,629.2227,0.0398,194.3
2242.8555,0.0151,2848.0,615.8836,0.0367,105.1
2216.4778,-0.0072,2848.0,629.4591,-0.022,86.3
2141.0667,0.0003,2848.0,629.3836,-0.0277,156.8
2164.3,0.0044,2870.0,618.6027,0.0028,93.2
2201.8222,-0.0074,2830.0,611.0564,0.0225,118.6
2155.6333,-0.0096,2824.0,613.0645,0.0234,96.8
2228.4444,0.004,2840.0,623.1245,0.0678,62.3
2159.0556,-0.002,2836.0,631.5455,0.0089,177.8
2124.8444,0.0001,2856.0,619.3682,-0.0134,76.8
2183.3444,-0.0064,2858.0,625.87,-0.0215,128.2
2159.0556,-0.0005,2852.0,624.8355,-0.0116,66.2
2179.0778,0.0089,2848.0,621.4336,-0.023,90.8
2173.4556,0.0017,2828.0,631.4182,0.0401,77.8
2171.8222,-0.0208,2875.0,618.26,-0.0043,124.5
2160.6,-0.0035,2867.0,618.6555,-0.0128,145.7
2159.0556,-0.0068,2857.0,642.9791,0.0204,112.0
2238.4556,0.0101,2843.0,619.8982,0.0047,225.6
2242.8555,0.003,2836.0,636.4473,0.0484,87.6
2159.0556,0.0036,2867.0,640.9773,-0.0248,190.0
2159.0556,0.0008,2801.0,620.2973,-0.0169,131.9
2167.2,-0.0032,2873.0,616.4055,0.0496,49.7
2159.0556,-0.0055,2881.0,622.8064,0.0612,191.0
2160.6,0.0011,2873.0,611.3055,-0.0027,207.9
2242.8555,0.0049,2843.0,620.8036,0.0544,131.4
2179.0778,0.0043,2822.0,607.7191,0.027,133.4
2124.8444,-0.0186,2822.0,608.5464,-0.0078,149.4
2159.0556,-0.0041,2888.0,619.8764,0.0046,147.8
2124.8444,-0.0155,2848.0,632.8255,-0.0185,140.8
2173.6444,0.0057,2858.0,615.8309,0.0686,71.7
2164.3,0.004,2887.0,626.8518,0.035,65.7
2201.8222,-0.0007,2866.0,611.8673,-0.0311,196.9
2231.4889,0.0142,2857.0,626.4636,-0.0081,65.9
2200.0666,-0.0269,2873.0,612.9009,0.0279,151.2
2200.0666,0.0094,2846.0,619.9627,-0.0004,131.1
2173.4556,0.0101,2863.0,613.7745,0.0498,97.9
2200.0666,-0.0053,2872.0,624.3609,0.0171,119.5
2172.4,0.0001,2855.0,631.1409,0.0325,140.3
2200.0666,-0.002,2892.0,630.9964,-0.0071,163.0
2113.0778,0.0018,2847.0,621.8645,-0.0006,63.4
2172.4,-0.0004,2881.0,626.9073,0.021,117.7
2160.6,-0.0097,2852.0,625.4764,0.0705,49.0
2171.8556,0.001,2888.0,621.7755,0.019,118.9
2171.8556,0.0034,2906.0,629.4336,-0.0101,87.0
2171.8556,-0.0031,2888.0,620.3591,0.0113,130.2
2171.8556,-0.0075,2872.0,623.5282,0.0123,125.3
2171.8556,-0.0164,2836.0,639.1845,0.0067,72.0
2171.8556,-0.0001,2892.0,629.9627,0.0269,122.0
2171.8556,-0.001,2855.0,630.2418,0.0426,59.5
2183.5,-0.0009,2888.0,625.8764,0.0136,173.7
2217.8667,0.0031,2888.0,622.1527,0.0174,184.1
2171.8556,0.0065,2882.0,624.5273,0.0063,155.1
2201.0667,0.007,2831.0,610.0327,-0.0153,186.7
2200.0666,-0.0018,2873.0,622.7636,0.0096,181.7
2201.0667,0.002,2889.0,629.1618,-0.0164,74.9
2217.8667,-0.0039,2848.0,623.5809,-0.0225,123.9
2167.9444,0.0009,2917.0,612.2945,-0.0286,85.6
2214.9333,0.002,2843.0,620.2836,0.0372,141.9
2167.9444,-0.0033,2875.0,615.0209,0.0137,171.1
2183.5,0.0074,2882.0,624.5591,0.0492,75.9
2167.9444,0.0045,2837.0,609.7055,-0.0114,79.9
2171.8556,0.0092,2888.0,617.5736,0.0407,78.5
2184.8889,0.0129,2834.0,609.3154,-0.002,56.8
2217.8667,-0.0037,2855.0,628.0245,0.0136,54.4
2172.9667,0.0084,2826.0,617.3736,0.0206,40.3
2201.0667,0.0052,2846.0,621.0364,-0.001,179.8
2167.9444,0.0054,2831.0,615.5964,0.0308,169.7
2184.8889,0.0066,2852.0,625.4464,0.0175,195.1
2167.9444,0.0037,2847.0,614.3482,-0.0049,124.3
2171.3222,0.0036,2875.0,608.5064,0.0397,53.9
2172.4,-0.0023,2881.0,621.1009,-0.0145,228.3
2236.0667,0.0168,2858.0,612.4227,-0.0131,78.4
2233.1556,-0.0028,2843.0,621.1827,0.0062,122.6
2183.5,0.0095,2845.0,626.2764,-0.0169,180.6
2214.9333,0.0213,2907.0,622.13,0.0162,228.2
2217.8667,-0.001,2848.0,619.0773,-0.0254,115.2
2184.8889,0.01,2811.0,608.9627,0.011,206.6
2171.3222,-0.006,2846.0,615.8336,0.0165,166.9
2171.3222,-0.0073,2836.0,638.8982,0.041,164.9
2214.9333,0.0132,2847.0,614.6582,-0.0005,56.6
2236.0667,0.021,2852.0,624.8482,0.0295,102.7
2236.0667,0.0085,2888.0,620.9536,0.0097,154.9
2201.0667,0.0114,2852.0,629.52,0.0044,66.3
2233.1556,0.0055,2917.0,617.8582,0.001,31.3
2229.3333,0.0083,2855.0,624.3673,0.0031,88.0
2171.8556,0.0073,2848.0,621.1573,0.0078,123.7
2233.1556,0.0016,2852.0,624.1364,-0.0355,94.8
2165.8666,-0.0019,2852.0,628.5682,0.0591,116.2
2233.1556,0.0029,2836.0,637.7273,0.0394,51.0
2165.8666,0.0196,2834.0,617.0864,-0.02,183.2
2229.3333,0.0098,2859.0,616.3455,0.0511,66.8
2229.3333,-0.0032,2852.0,631.2273,-0.0312,171.4
2217.8111,-0.0054,2843.0,619.0509,0.0217,101.4
2167.9444,0.0031,2875.0,616.9518,0.001,99.9
2217.8111,0.0085,2872.0,612.9909,0.0298,113.7
2236.0667,0.0131,2859.0,623.0164,0.019,218.4
2217.8667,0.0135,2831.0,604.2909,0.0113,101.3
2233.1556,-0.0026,2875.0,614.9545,0.0281,117.2
2171.3222,-0.0044,2882.0,622.3454,0.0106,85.9
2214.9333,0.0048,2876.0,615.5391,0.0078,135.1
2229.3333,0.0192,2837.0,617.2527,-0.0199,68.5
2159.0556,0.0061,2843.0,620.3482,0.0106,69.8
2201.0667,0.0149,2870.0,616.0609,0.0167,288.2
2217.8111,0.0121,2881.0,620.5609,0.0287,180.9
2214.9333,0.0191,2907.0,626.5382,0.0446,120.3
2184.8889,0.0013,2917.0,616.8555,-0.0037,98.3
2229.3333,0.0046,2847.0,623.5209,0.0013,79.8
2233.1556,-0.0178,2852.0,625.6173,0.0128,151.1
2233.1556,-0.0014,2858.0,615.54,0.0328,85.9
2233.1556,0.0169,2849.0,623.1227,0.0079,26.0
2184.8889,0.0084,2881.0,620.6073,0.0159,140.3
2217.8111,0.0142,2831.0,609.9518,0.0047,167.7
2233.1556,0.0034,2831.0,616.0982,0.0142,136.3
2171.3222,-0.0043,2872.0,611.1618,-0.0035,176.9
2159.0556,-0.0017,2881.0,623.8455,0.0487,113.4
2215.3889,-0.0072,2916.0,626.1136,-0.0062,90.9
2165.8666,-0.0002,2840.0,619.2455,0.0209,133.0
2215.3889,-0.0094,2843.0,622.3291,0.0253,44.6
2165.8666,-0.0121,2908.0,627.6891,-0.0116,22.7
2179.2,-0.0058,2834.0,611.5064,-0.0089,180.2
2215.3889,0.0039,2831.0,622.6064,-0.0101,78.6
2233.1556,-0.0069,2847.0,615.1736,0.0209,49.8
2215.3889,-0.002,2876.0,621.0655,0.0107,210.6
2172.2778,-0.0072,2907.0,621.0409,-0.018,75.6
2184.8889,0.0035,2876.0,616.5555,0.011,170.5
2201.0667,0.0224,2840.0,619.4191,0.0459,106.5
2214.9333,0.0145,2836.0,635.27,0.0485,131.3
2242.4333,0.0309,2831.0,603.1609,0.0141,158.5
2150.5889,0.0217,2845.0,620.6755,0.0135,51.7
2205.7222,-0.0026,2847.0,616.8809,0.001,212.9
2227.2444,0.0022,2915.0,621.7109,-0.0066,105.5
2179.2,0.0077,2854.0,635.0691,0.0121,96.9
2205.7222,-0.0043,2855.0,621.1236,0.0139,117.7
2220.4001,0.0126,2872.0,612.6255,0.0573,99.9
2214.9333,0.0051,2843.0,615.5036,0.0367,35.3
2205.7222,-0.0055,2872.0,618.6591,-0.025,39.1
2171.3222,0.0132,2907.0,622.9718,0.0221,31.2
2229.3333,-0.0077,2848.0,621.5136,-0.0071,184.6
2171.3222,0.0057,2873.0,616.2027,0.0032,22.2
2205.7222,0.0121,2843.0,624.4927,0.022,23.7
2215.3889,-0.0087,2845.0,622.0164,-0.0008,74.3
2205.7222,0.0091,2834.0,614.48,-0.0064,235.6
2201.0667,0.0174,2881.0,624.2164,0.0493,165.1
2205.7222,-0.0045,2847.0,612.2991,-0.022,211.7
2216.5111,0.0022,2845.0,611.4536,0.0167,182.0
2216.5111,0.0024,2840.0,610.2491,-0.0028,237.3
2221.5333,0.0005,2872.0,615.16,0.0127,186.4
2236.0667,0.0005,2855.0,626.5509,0.0243,137.7
2229.3333,0.0197,2852.0,625.9664,0.0739,87.9
2205.7222,0.0056,2881.0,623.1118,0.0284,56.0
2227.2444,-0.0064,2872.0,611.07,0.002,78.8
2198.2667,-0.0022,2851.0,610.1918,-0.0368,163.5
2173.6222,-0.0084,2872.0,611.0745,-0.0033,127.9
2210.9778,-0.0119,2903.0,622.0282,0.0144,45.4
2210.9778,-0.0023,2903.0,610.2209,-0.0379,272.2
2216.5111,-0.0024,2915.0,627.37,0.033,81.3
2210.9778,0.0025,2915.0,613.8673,-0.035,61.1
2250.7445,-0.0014,2845.0,614.7755,0.0092,149.8
2242.4333,0.0015,2876.0,613.1891,-0.0061,142.5
2216.6778,0.0023,2903.0,615.4427,-0.0089,123.3
2250.7445,-0.0006,2851.0,609.5373,-0.0115,26.2
2210.9778,-0.0002,2835.0,613.0527,-0.0112,185.3
2210.9778,-0.0005,2903.0,620.6318,-0.0227,190.8
2210.9778,-0.001,2845.0,616.2891,0.0232,178.5
2218.6333,0.0016,2851.0,613.65,-0.037,119.0
2189.2333,-0.0021,2915.0,625.1182,0.0216,132.4
2136.4111,-0.0041,2856.0,607.6045,0.0049,81.8
2136.4111,0.0057,2856.0,612.7727,0.0155,137.8
2189.8778,-0.0028,2856.0,607.8655,0.0221,26.3
2151.6889,0.0069,2866.0,620.9945,0.0012,165.7
2136.4111,0.0157,2855.0,617.3827,-0.0211,124.3
2201.3556,-0.0035,2851.0,614.98,0.0192,136.2
2189.8778,0.015,2866.0,624.3436,0.0348,123.7
2162.7556,-0.0055,2829.0,614.3364,-0.0301,108.9
2203.4556,-0.0024,2845.0,605.1855,-0.0166,85.5
2136.4111,-0.0029,2866.0,621.9918,0.0158,26.2
2189.8778,0.0147,2864.0,622.7709,0.0099,259.6
2203.4556,0.0013,2827.0,611.8291,0.0421,236.7
2203.4556,0.0084,2851.0,608.5273,0.0338,173.1
2219.3445,0.0035,2855.0,616.8382,-0.0064,161.7
2189.8778,-0.0002,2889.0,620.9591,0.0067,66.3
2162.7556,0.0004,2841.0,615.8945,-0.0135,167.4
2251.8222,-0.0034,2841.0,610.31,-0.0171,106.6
2223.2778,-0.0121,2870.0,619.9473,0.0122,36.0
2146.9111,-0.009,2851.0,608.9991,0.0449,64.6
2203.4556,-0.0127,2851.0,607.7591,0.0062,43.9
2210.9778,0.0101,2835.0,609.7955,0.0269,58.5
2210.9778,-0.0105,2840.0,614.6836,-0.0115,24.4
2151.6889,-0.004,2866.0,621.0273,0.0161,164.5
2162.7556,-0.0087,2861.0,619.1118,0.0776,57.2
2155.3111,0.001,2866.0,619.2855,0.0175,50.1
2151.6889,-0.0153,2861.0,621.7627,0.0338,59.9
2155.3111,0.0027,2864.0,629.2245,-0.0413,74.5
2145.4555,0.0032,2866.0,621.6682,0.0149,108.4
2155.3111,-0.0075,2864.0,633.63,-0.0287,44.0
2210.9778,-0.0046,2840.0,609.1327,0.0026,40.3
2155.3111,0.0147,2864.0,620.2036,0.0024,100.1
2117.5889,-0.005,2855.0,602.7573,0.0145,188.6
2155.3111,-0.0101,2856.0,603.6964,0.0336,111.8
2146.9111,-0.0123,2841.0,609.5964,0.0067,177.6
2136.4111,-0.0022,2864.0,621.2945,0.0014,77.5
2245.3667,-0.0069,2851.0,612.0836,-0.0027,90.5
2190.1555,0.0084,2860.0,607.9973,-0.0255,98.2
2127.9555,-0.0151,2855.0,615.3527,-0.0055,66.3
2130.0556,-0.0066,2844.0,602.5245,-0.0003,115.7
2181.0444,0.0057,2864.0,626.0473,-0.041,85.0
2127.9555,-0.0039,2855.0,600.9945,-0.0123,77.9
2190.1555,0.0049,2844.0,597.5827,0.0054,92.9
2174.7555,0.009,2850.0,608.2536,0.0118,199.0
2190.1555,-0.0018,2860.0,607.2564,0.0091,106.5
2211.7222,0.0022,2855.0,603.1855,-0.0087,173.9
2190.1555,-0.0056,2855.0,614.7909,-0.0045,101.3
2117.5889,0.0006,2864.0,622.94,0.0202,103.6
2190.1555,-0.0178,2860.0,603.3855,-0.0478,122.0
2130.0556,-0.0171,2849.0,609.0964,-0.0094,100.6
2181.0444,-0.0025,2860.0,607.8209,0.0012,47.5
2181.0444,0.006,2856.0,604.4609,0.0132,74.3
2169.1111,0.0055,2860.0,607.15,0.0459,131.0
2175.9667,0.0007,2849.0,621.6736,0.1195,178.0
2175.9667,0.0107,2887.0,614.2282,0.1154,119.4
2181.0444,0.0057,2860.0,614.4182,-0.0037,50.9
2197.5222,0.0077,2860.0,608.7455,0.0274,60.1
2197.5222,0.0086,2860.0,605.6191,0.0193,91.8
2197.5222,-0.0165,2856.0,602.2455,0.0122,89.8
2127.9555,-0.0166,2855.0,599.4918,0.0083,164.7
2174.7555,-0.0148,2850.0,616.6045,0.0038,153.2
2169.1111,0.0036,2864.0,629.2173,-0.0036,197.1
2190.1555,-0.0002,2850.0,613.2036,0.0063,53.3
2194.5889,0.0057,2850.0,614.1945,-0.0201,74.3
2194.5889,0.0055,2860.0,604.56,-0.029,71.6
2170.0666,-0.0008,2844.0,612.88,0.0134,79.6
2218.6333,-0.0035,2840.0,619.8009,0.0007,64.2
2194.5889,0.0126,2865.0,625.2027,0.1183,103.5
2175.9667,0.0159,2865.0,620.8736,0.1216,176.9
2204.5445,0.0023,2860.0,612.1618,0.019,152.7
2188.7222,0.0087,2864.0,629.0055,-0.049,101.8
2204.5445,0.0153,2865.0,628.4936,-0.0025,147.9
2194.8,0.008,2856.0,605.2627,0.0279,219.2
2194.5889,0.0047,2851.0,616.6082,0.1437,115.2
2194.8,-0.0086,2869.0,628.8145,0.1329,148.7
2204.5445,0.0057,2850.0,620.2036,-0.0069,73.1
2204.5445,0.0055,2860.0,606.3127,0.0047,178.5
2187.8111,0.0053,2860.0,610.4427,0.001,88.7
2220.0445,0.0032,2860.0,606.7773,-0.0099,75.5
2216.7333,0.0129,2862.0,619.0327,0.0259,173.7
2188.7222,-0.0078,2857.0,624.4691,0.0061,73.5
2187.8111,0.0145,2860.0,604.5945,0.0075,94.5
2134.7445,0.0018,2856.0,603.3536,0.019,173.2
2188.6,-0.0209,2888.0,628.6691,0.115,159.2
2216.7333,0.0075,2887.0,615.24,0.0467,188.9
2187.8111,0.0079,2860.0,610.1827,-0.0283,86.0
2224.6778,-0.0076,2855.0,602.4882,-0.0043,99.6
2194.5889,0.0003,2849.0,609.8382,0.1129,149.2
2204.5445,-0.0028,2844.0,612.0,0.101,186.1
2188.7111,0.0089,2856.0,615.4,0.0959,116.7
2218.9445,0.0059,2844.0,601.0855,0.0062,78.7
2170.0666,0.0025,2860.0,613.7491,0.0051,172.7
2218.8778,0.0132,2887.0,612.6782,0.0988,133.0
2194.5889,-0.0091,2889.0,626.1364,0.0435,187.0
2202.1222,0.0075,2844.0,608.4891,0.0099,33.5
2216.7333,-0.004,2887.0,615.0336,0.1055,187.2
2170.0666,0.0062,2854.0,611.2636,0.0176,96.0
2205.7445,0.0,2863.0,620.2727,0.0196,182.0
2205.7445,-0.0024,2887.0,607.6118,0.1173,73.7
2189.8111,0.0121,2858.0,606.64,0.0127,158.9
2210.7778,0.0006,2855.0,609.7309,0.0245,70.3
2224.6778,0.0094,2873.0,615.3709,0.0142,46.8
2204.2333,0.0181,2862.0,622.3754,0.0137,146.7
2224.6778,0.0031,2855.0,602.2764,0.0089,101.7
2225.0222,0.0063,2858.0,621.4909,-0.0253,251.0
2204.2333,0.0106,2862.0,616.7427,0.0137,57.5
2202.2556,-0.0135,2865.0,632.4427,0.0051,96.2
2224.6778,0.0056,2856.0,613.2691,0.0276,178.5
2220.0445,-0.0119,2863.0,621.3818,-0.0015,105.4
2224.6778,0.007,2855.0,607.8527,0.0192,47.1
2246.5778,0.005,2850.0,619.1218,0.02,80.5
2195.6667,0.0066,2862.0,619.0327,0.0228,124.8
2205.7,0.007,2858.0,612.5791,-0.017,54.4
2200.2333,0.0157,2858.0,617.5227,-0.0218,180.8
2214.2889,-0.013,2858.0,615.1355,-0.0082,88.1
2212.8667,-0.008,2867.0,610.0209,0.0175,174.7
2200.9556,-0.013,2843.0,614.8745,0.0268,82.9
2218.8778,0.0096,2858.0,623.8118,-0.0237,22.5
2200.9556,0.0075,2843.0,619.0055,0.0378,238.6
2204.2333,0.0147,2844.0,602.4273,0.0838,162.0
2205.7445,0.012,2887.0,604.3091,0.1048,136.8
2189.5777,0.0135,2858.0,612.6745,0.0091,90.3
2199.6334,-0.006,2871.0,610.1727,0.0298,147.9
2114.6667,0.0057,2860.0,613.6691,0.0824,138.3
2134.7445,0.0076,2860.0,614.1809,0.0998,69.6
2175.3445,-0.0063,2849.0,619.6609,0.0055,140.8
2127.9555,-0.0017,2872.0,614.5045,0.0001,154.6
2114.6667,0.0045,2859.0,618.57,-0.0279,185.6
2214.1667,0.0061,2835.0,616.5918,0.0307,199.4
2188.6,-0.0084,2855.0,619.3664,-0.006,142.5
2246.5778,-0.0038,2885.0,622.5282,0.0049,35.4
2208.6556,0.0002,2865.0,625.5318,0.0133,126.4
2189.3556,-0.0086,2837.0,621.2918,0.0076,27.4
2192.0,-0.005,2811.0,610.1845,0.0095,78.7
2200.9556,0.0125,2843.0,616.3182,0.0832,219.6
2199.6334,0.0121,2851.0,610.4409,0.1112,173.2
2200.2333,0.0053,2843.0,631.5973,-0.0309,159.8
2199.6334,-0.0064,2848.0,601.6373,0.0065,116.6
2212.8667,-0.0023,2861.0,610.0045,-0.0341,111.6
2240.8666,0.0129,2843.0,621.2936,-0.0056,98.2
2213.5111,0.001,2816.0,614.9255,-0.003,41.9
2189.3556,0.0037,2867.0,616.6809,-0.0031,40.4
2196.0,0.0044,2861.0,616.1964,-0.0157,51.3
2196.0,0.009,2837.0,616.2455,0.0162,92.6
2189.3556,-0.0026,2861.0,607.5609,0.0107,76.1
2240.8666,0.0084,2816.0,608.2927,-0.016,189.2
2187.4111,0.0005,2867.0,630.5391,-0.0503,76.5
2187.4111,0.0107,2837.0,615.07,0.0252,61.5
2196.0,-0.0018,2859.0,625.17,0.1246,53.1
2211.7778,-0.0033,2872.0,621.4209,0.1235,125.3
2191.1333,-0.0066,2846.0,612.1136,0.0042,105.0
2211.7778,0.0042,2867.0,620.6,-0.0056,47.5
2216.5,0.001,2846.0,609.4491,0.0249,64.4
2216.5,0.0,2839.0,609.1464,0.0065,204.0
2202.5556,-0.0027,2855.0,617.5182,-0.0222,189.8
2200.9889,-0.0048,2855.0,617.9727,-0.0106,175.9
2315.2667,0.0041,2871.0,607.29,0.0123,74.5
2213.2111,-0.0093,2845.0,606.7327,0.0258,118.6
2171.5,0.015,2816.0,608.6746,0.0025,139.5
2171.5,-0.0099,2863.0,624.53,-0.0223,103.1
2187.4111,0.0062,2839.0,609.7473,-0.0103,37.5
2195.6667,-0.0096,2863.0,620.4891,0.0323,97.4
2213.5111,0.005,2858.0,613.9027,0.0167,65.4
2200.9889,0.0046,2857.0,615.2027,0.0246,57.6
2192.3778,0.0037,2872.0,613.1155,0.0341,112.6
2171.5,0.0112,2837.0,612.1882,0.0159,142.0
2192.3778,-0.005,2837.0,620.6382,0.0341,109.1
2180.5556,-0.0045,2863.0,629.1091,-0.0052,101.6
2210.2778,-0.0146,2844.0,614.6945,0.0302,228.9
2191.1333,-0.0008,2839.0,610.1855,-0.0051,92.3
2216.5,0.0044,2859.0,621.1927,0.0174,62.0
2171.5,0.0006,2855.0,617.8755,-0.029,83.9
2216.5,-0.0017,2837.0,611.5745,0.0102,106.8
2180.5556,0.0034,2846.0,610.4873,-0.0201,138.1
2171.5,0.0028,2863.0,628.8536,0.0195,203.9
2200.9889,-0.0127,2842.0,610.5555,-0.0175,60.1
2206.5777,-0.0055,2852.0,616.1073,0.1,220.5
2210.2778,0.0076,2867.0,612.7691,-0.0249,112.2
2200.9889,0.0058,2846.0,612.8636,-0.0356,114.6
2214.7889,-0.0011,2867.0,615.5882,0.0107,112.2
2189.9667,-0.0028,2845.0,608.7891,0.0216,122.6
2189.9667,0.0026,2845.0,607.4455,0.0374,221.4
2189.9667,-0.0038,2845.0,613.7409,0.0313,208.5
2189.9667,0.0025,2845.0,607.0664,0.0358,118.1
2191.1333,-0.0064,2839.0,609.49,-0.0021,62.6
2201.0667,0.0059,2858.0,613.6936,-0.0073,109.1
2194.3778,0.0021,2851.0,615.8645,0.0437,95.6
2213.2111,-0.0007,2839.0,610.1455,-0.012,78.5
2201.0667,-0.0033,2860.0,627.9364,-0.0043,73.6
2315.2667,0.0125,2872.0,618.8064,0.0156,101.8
2185.2111,0.0058,2863.0,625.8409,0.012,100.7
2315.2667,0.0215,2867.0,620.29,0.0326,102.2
2171.5,0.0086,2837.0,615.4964,0.0168,181.7
2201.0667,-0.0018,2863.0,628.4509,0.0091,53.4
2210.2778,0.0,2867.0,620.9573,0.0052,78.5
2194.9556,0.0151,2846.0,608.7664,-0.0031,120.2
2194.9556,0.0247,2852.0,620.5436,0.0089,106.3
2194.9556,-0.0045,2846.0,609.9736,-0.0089,97.0
2213.2111,-0.0068,2846.0,615.9991,0.0295,38.4
2189.9667,0.0072,2845.0,610.91,0.0252,107.3
2060.66,0.0028,2837.0,617.6382,0.0224,107.0
2227.2444,-0.0008,2846.0,608.1209,0.0289,99.8
2211.4334,0.0052,2844.0,609.3582,0.0433,119.8
2060.66,0.0007,2839.0,613.1936,-0.004,115.4
2195.5,-0.0104,2832.0,612.9127,0.0319,105.4
2194.3778,0.013,2843.0,613.9018,0.0375,152.3
2227.2444,0.0135,2852.0,618.5427,0.029,59.1
2227.2444,-0.0036,2832.0,616.6209,0.0365,66.1
2060.66,0.001,2859.0,617.4627,-0.0096,112.2
2202.3556,0.0063,2852.0,616.5845,0.1182,187.1
2227.2444,0.0087,2842.0,619.0945,0.1207,64.5
2060.66,0.007,2867.0,609.41,0.0161,76.6
2197.3222,0.0051,2854.0,617.4336,-0.0059,184.4
2201.0667,-0.0096,2889.0,631.7709,0.0196,69.3
2060.66,-0.0045,2867.0,615.6818,-0.0237,36.3
2060.66,-0.0038,2858.0,613.3591,0.0189,81.4
2168.7333,0.0055,2852.0,616.4655,0.0268,129.6
2228.7222,0.0105,2846.0,617.7127,0.006,210.3
2213.9111,-0.0085,2843.0,617.9145,0.0,92.7
2204.5,-0.007,2854.0,622.8936,-0.0302,86.0
2197.3222,-0.0021,2851.0,619.7764,-0.0297,87.8
2211.4334,-0.002,2846.0,610.5545,0.0091,103.8
2184.7222,-0.0053,2867.0,630.6173,0.0064,133.1
2168.7333,0.001,2872.0,618.9709,0.0248,184.3
2206.1444,-0.0165,2842.0,618.9927,0.0403,207.9
2197.3222,0.0049,2836.0,613.1709,0.0556,178.5
2211.4334,0.0018,2848.0,616.0473,0.0248,73.3
2206.1444,-0.0061,2832.0,611.2764,0.0526,124.5
2210.2778,0.0111,2859.0,622.7491,0.0239,119.9
2168.7333,-0.0037,2852.0,618.9382,0.1172,161.7
2195.5,-0.0049,2842.0,620.9509,0.0443,155.8
2227.2444,0.0062,2842.0,610.6418,-0.0259,138.4
2213.9111,-0.0039,2832.0,617.5991,-0.0167,157.3
2172.3111,-0.0112,2851.0,616.48,-0.0022,67.3
2204.5,0.0023,2851.0,614.9991,-0.0106,94.0
2180.5556,0.0017,2839.0,617.5064,-0.028,193.4
2197.3222,0.0062,2852.0,620.2518,0.1047,112.5
2180.5556,-0.0051,2846.0,616.6255,0.0259,84.0
2180.5556,0.0092,2855.0,620.6055,0.0292,166.0
2206.1444,-0.0011,2837.0,603.11,0.0429,49.0
2168.7333,-0.0125,2832.0,615.2509,0.1071,187.2
2204.1555,-0.0095,2844.0,618.0764,0.0168,167.9
2206.5777,0.0005,2858.0,618.0536,0.0043,105.1
2213.9111,-0.0033,2847.0,617.2882,0.0227,87.8
2213.9111,-0.0002,2845.0,623.0718,0.0215,177.3
2172.3111,0.0005,2832.0,605.9036,0.0273,208.4
2168.7333,0.0008,2844.0,614.0727,0.0238,186.6
2172.3111,-0.011,2844.0,610.9945,0.026,112.4
2201.8666,0.0077,2857.0,614.4236,-0.0018,93.0
2201.8666,-0.0065,2845.0,610.1736,0.0299,82.3
2060.66,-0.0057,2843.0,615.8473,0.0322,108.2
2206.1444,-0.0078,2855.0,612.8964,0.0413,88.6
2209.0889,-0.0095,2852.0,628.3527,0.0373,209.9
2202.3556,-0.0132,2854.0,618.0636,-0.0105,105.2
2211.6,0.0102,2837.0,603.9709,0.0215,141.4
2172.3111,0.0111,2852.0,622.2427,-0.021,104.8
2206.1444,-0.0083,2843.0,621.6927,0.0105,108.7
2201.8666,-0.0043,2846.0,610.7891,0.0154,120.1
2213.9111,-0.0195,2847.0,618.1164,0.0224,73.5
2215.5111,0.0111,2855.0,618.42,0.0196,230.3
2201.0667,0.0009,2863.0,619.0327,-0.0276,152.7
2223.9,0.0061,2861.0,614.7945,0.048,38.9
2206.1444,-0.007,2843.0,608.12,0.0042,186.6
2188.5444,-0.0269,2851.0,618.3364,0.0244,48.3
2215.1778,-0.0007,2839.0,610.0409,-0.0026,215.8
2172.3111,-0.0007,2832.0,613.3891,0.0242,147.5
2184.7222,-0.0072,2863.0,628.8636,0.0135,97.2
2215.5111,0.0009,2839.0,610.2682,0.0015,61.5
2247.3666,-0.0046,2836.0,612.1264,0.0127,52.7
2215.5111,-0.0009,2847.0,615.5991,0.035,112.1
2194.9556,0.0071,2859.0,619.4909,0.0299,124.1
2206.1444,0.0024,2842.0,609.6573,0.0285,223.8
2189.3556,0.0014,2843.0,616.1045,0.0252,233.9
2166.2111,0.0018,2832.0,608.4873,0.0518,132.6
2226.3111,-0.0078,2852.0,612.67,-0.009,184.6
2206.1444,0.0014,2852.0,615.0427,0.011,79.0
2226.3111,-0.0011,2842.0,613.0145,0.0488,66.8
2223.9,0.0063,2837.0,609.7173,0.0477,110.7
2218.6223,-0.0076,2847.0,611.4118,0.0406,133.8
2153.9778,0.0233,2847.0,610.0382,0.0255,73.5
2172.3111,-0.0046,2832.0,605.5936,0.0993,185.8
2153.9778,0.017,2857.0,626.5491,0.0995,115.2
2211.6,0.0041,2849.0,617.8882,0.0343,168.0
2169.8334,-0.0192,2845.0,619.01,0.1365,92.0
2201.8666,-0.0049,2836.0,608.9036,0.0302,163.6
2146.7778,0.0077,2854.0,622.3882,-0.0228,155.4
2215.5111,0.0105,2847.0,618.19,0.0174,105.3
2247.3666,0.0028,2845.0,613.5191,0.0138,71.5
2203.4445,-0.005,2843.0,614.9327,0.0144,53.7
2192.5556,-0.008,2847.0,619.0618,0.0292,87.4
2194.9555,-0.0017,2847.0,616.7927,0.0184,56.9
2226.0667,0.0031,2847.0,617.7618,0.0268,225.5
2231.6111,-0.0068,2842.0,608.8064,0.0164,114.8
2247.3666,0.0168,2816.0,609.9309,0.009,105.9
2169.8334,0.0101,2861.0,612.7718,0.1187,65.8
2200.2,-0.007,2837.0,614.23,-0.0016,104.6
2219.7667,0.0018,2846.0,625.27,-0.0021,92.1
2249.2556,0.0015,2835.0,620.2973,0.0045,160.1
2219.7667,-0.0108,2844.0,615.2391,0.0111,113.5
2153.9778,-0.006,2845.0,611.2555,-0.0074,65.0
2249.2556,-0.0085,2846.0,622.3518,0.0122,129.5
2254.7111,0.006,2846.0,615.4118,0.0324,114.1
2194.9555,-0.0063,2853.0,625.8836,0.1156,69.7
2254.7111,0.0127,2845.0,615.8436,0.1035,91.9
2206.1444,-0.0068,2851.0,614.3073,0.0218,80.9
2227.2222,-0.0095,2851.0,615.98,0.032,69.7
2213.9111,-0.0099,2847.0,619.2591,0.0272,108.4
2153.9778,-0.0014,2853.0,614.7973,0.0367,68.5
2231.6111,-0.0119,2849.0,621.3964,0.0364,117.7
2211.5222,0.014,2847.0,614.8727,0.1174,159.5
2276.4556,0.0069,2854.0,625.3982,0.1232,79.2
2231.6111,-0.0068,2842.0,609.0227,0.0248,113.5
2219.7667,-0.0102,2842.0,612.9818,0.0182,114.3
2192.5556,0.0006,2847.0,615.0618,0.0213,167.5
2219.7667,-0.0015,2849.0,619.5882,0.1124,147.0
2226.0667,-0.012,2842.0,610.9591,0.0198,93.3
2208.5222,0.0071,2854.0,620.2182,0.05,83.4
2200.2,-0.017,2858.0,620.8227,0.0083,141.4
2147.1111,-0.0135,2844.0,612.7691,0.028,56.1
2233.6334,-0.0019,2898.0,623.4027,0.0187,79.5
2231.6111,-0.0125,2851.0,615.1909,0.0662,82.5
2168.7333,-0.0053,2855.0,614.4182,0.0279,59.2
2200.2,0.0046,2847.0,610.4318,0.0434,103.3
2227.2222,0.0051,2843.0,615.6636,0.0338,90.8
2147.1111,0.0052,2849.0,619.0118,-0.0104,53.8
2231.6111,-0.017,2842.0,607.11,0.0135,146.1
2231.6111,0.0094,2853.0,614.8418,0.0933,170.7
2208.5222,-0.0207,2858.0,615.69,0.0329,118.4
2200.2,0.0013,2842.0,610.5218,0.0243,177.0
2147.1111,0.0059,2853.0,626.4436,0.127,65.9
2147.1111,-0.0051,2854.0,615.9573,0.0903,105.9
2178.5889,0.0044,2835.0,619.4427,0.0075,155.3
2203.4445,0.0076,2836.0,609.3291,-0.0199,171.8
2178.4667,-0.0152,2860.0,614.7491,0.0504,107.5
2222.0111,-0.0034,2847.0,616.0691,0.0209,73.6
2185.1,-0.0112,2881.0,622.1618,0.0308,141.4
2244.9778,0.018,2892.0,623.9518,0.0246,143.6
2200.2,-0.0013,2845.0,614.9182,0.039,164.7
2200.2,-0.0094,2842.0,618.2909,0.05,69.9
2178.4667,-0.0066,2898.0,631.0882,0.0126,51.4
2219.7667,0.0018,2853.0,623.2973,0.0451,155.2
2258.2778,-0.0088,2844.0,614.3318,0.048,125.1
2266.8333,-0.0136,2853.0,624.2391,0.0341,176.1
2266.8333,0.0064,2846.0,620.7291,0.0331,57.7
2186.9,-0.0088,2841.0,615.4582,-0.0017,94.1
2178.4667,-0.0175,2885.0,620.3545,0.0363,52.4
2187.6667,0.0148,2837.0,613.8409,0.0474,100.7
2249.2556,-0.0064,2842.0,609.3673,0.0423,156.9
2266.8333,0.01,2895.0,619.4064,0.0277,74.9
2250.3667,-0.0124,2849.0,619.1209,0.0456,117.7
2176.4667,-0.0094,2838.0,612.6527,0.0551,146.9
2200.2,-0.001,2853.0,622.3327,0.01,81.8
2219.7667,-0.0071,2847.0,619.7764,0.0118,58.5
2187.6667,0.0072,2853.0,625.1518,0.0535,38.9
2227.9778,-0.0064,2838.0,616.91,0.0148,150.3
2200.2,-0.0261,2853.0,614.9409,-0.0054,133.1
2169.9444,0.0106,2879.0,623.4555,-0.0276,69.3
2169.9444,-0.0048,2835.0,618.2627,-0.0282,204.2
2169.9444,0.0016,2877.0,636.2836,-0.0163,195.4
2169.9444,0.0044,2835.0,608.2736,-0.0238,91.7
2169.9444,0.0028,2877.0,637.0109,-0.016,64.0
2266.8333,-0.0055,2838.0,609.8255,0.0238,80.3
2222.0111,-0.0057,2845.0,615.5473,0.013,112.5
2179.1111,-0.0026,2838.0,607.1145,0.022,125.9
2233.6334,-0.0058,2841.0,614.3691,-0.0107,183.5
2256.6,0.0043,2841.0,614.5955,0.0587,173.1
2178.5889,0.0081,2838.0,609.3682,0.0542,129.0
2249.2556,-0.0057,2835.0,622.8555,0.024,238.4
2249.2556,-0.0123,2852.0,622.8273,0.0004,89.0
2249.2556,-0.0078,2844.0,617.6136,0.0131,80.3
2137.6111,-0.0136,2826.0,621.4109,0.105,62.7
2256.6,0.0141,2853.0,620.9655,0.0472,176.3
2276.4556,-0.0018,2837.0,613.4518,-0.0052,206.5
2260.7333,0.0067,2840.0,610.3245,0.0174,104.3
2231.9555,-0.0062,2853.0,609.04,0.0206,76.9
2244.9778,0.0099,2884.0,630.1173,0.0435,260.5
2158.7,0.0009,2893.0,623.4845,-0.0221,88.5
2227.9778,-0.0005,2886.0,625.4955,0.0587,174.3
2231.9555,0.0035,2845.0,613.5236,0.1257,73.7
2186.9,-0.0117,2884.0,637.8373,0.0031,187.2
2187.7888,-0.0114,2837.0,617.8509,0.0018,150.8
2231.9555,0.003,2853.0,619.2082,0.0059,75.5
2206.1444,-0.0033,2871.0,608.1736,-0.0158,186.5
2219.7667,-0.0059,2853.0,614.8373,-0.0092,227.3
2266.8333,-0.004,2841.0,615.4145,0.003,122.8
2269.2556,0.0006,2881.0,625.6264,0.0657,67.9
2182.6222,0.0024,2835.0,625.6882,0.014,123.7
2276.4556,-0.0007,2840.0,615.8445,-0.0225,130.0
2211.4334,0.0021,2855.0,620.1991,0.0236,165.8
2221.9778,0.0004,2838.0,612.3964,-0.0608,244.9
2147.1111,-0.0096,2835.0,620.1991,0.018,122.6
2222.0111,-0.0042,2846.0,621.9545,0.0095,170.8
2276.4556,-0.0166,2841.0,616.5418,0.0187,110.2
2193.3555,-0.0095,2846.0,621.2118,0.0392,159.4
2260.7333,-0.0027,2885.0,622.0627,-0.0024,121.4
2185.1,-0.006,2847.0,616.7664,0.0269,69.4
2165.0333,0.0047,2834.0,612.0355,0.0242,90.4
2221.9778,-0.001,2876.0,619.2536,0.0055,56.6
2137.6111,0.0025,2837.0,610.95,-0.0142,171.3
2266.8333,-0.0173,2835.0,618.0409,0.0071,116.3
2222.0111,0.0049,2842.0,617.6055,0.0582,105.3
2221.9778,0.0059,2889.0,622.6936,0.019,126.0
2260.7333,-0.0065,2838.0,614.2073,0.0232,189.9
2231.6111,-0.0228,2853.0,615.0982,0.0433,82.0
2231.6111,-0.0077,2867.0,613.4764,-0.014,191.4
2201.0667,0.0038,2864.0,630.1364,-0.0039,129.9
2243.8556,-0.0038,2842.0,616.1364,0.0086,50.8
2168.7,-0.0239,2898.0,618.5791,-0.1145,124.4
2178.5889,-0.0021,2898.0,620.24,0.02,92.2
2254.8667,0.0133,2826.0,616.4845,-0.018,142.0
2244.5,-0.0019,2833.0,611.9391,0.0052,110.8
2158.7,-0.004,2835.0,617.0345,0.0077,207.1
2244.5,0.0163,2860.0,620.9573,0.0083,168.9
2165.0333,0.0063,2838.0,614.6282,0.0387,97.7
2165.0333,-0.0001,2885.0,622.3018,0.0226,127.0
2185.1,-0.0056,2873.0,627.7145,-0.2129,161.2
2228.9445,-0.0056,2841.0,617.32,-0.018,120.8
2260.7333,-0.0035,2840.0,612.7009,0.0229,204.6
2168.7,-0.0073,2829.0,611.1355,0.0095,94.0
2168.7,-0.0096,2834.0,614.7864,0.0156,142.7
2209.9555,-0.0199,2875.0,629.9973,0.0278,84.7
2179.1111,0.0038,2889.0,623.5636,-0.0213,58.6
2175.1222,0.0029,2881.0,621.7564,-0.0023,196.2
2170.7444,-0.01,2835.0,616.89,0.028,143.5
2228.9445,-0.0073,2838.0,622.7273,0.0643,145.4
2243.8556,-0.0035,2846.0,615.4036,0.041,154.0
2244.5,0.0163,2837.0,612.6036,0.0214,128.6
2182.0222,-0.0117,2881.0,630.1609,-0.0141,151.9
2188.5111,0.0043,2885.0,621.2755,0.038,199.9
2175.1222,0.0061,2881.0,625.3073,-0.013,112.2
2175.1222,-0.0016,2834.0,609.3064,0.0147,73.1
2241.1778,-0.0019,2874.0,614.3709,-0.0092,122.2
2175.1222,0.001,2872.0,632.0473,-0.0094,37.1
2170.7444,-0.0058,2885.0,618.4818,0.0293,229.0
2228.9445,-0.0084,2841.0,613.5209,0.0037,73.4
2168.7,0.0015,2834.0,616.1973,0.022,77.4
2183.0556,0.0014,2829.0,609.4973,0.0365,135.6
2241.1778,-0.0253,2873.0,636.1309,-0.0362,173.4
2182.6222,-0.0174,2881.0,629.0873,0.0603,44.3
2215.0222,-0.0002,2829.0,612.78,0.0244,118.5
2175.2556,0.0063,2886.0,642.3273,0.0256,146.0
2213.3444,-0.0003,2851.0,625.61,0.0046,116.6
2175.2556,0.006,2881.0,618.1018,-0.0142,106.1
2186.9,-0.0074,2835.0,617.98,-0.015,125.2
2215.0222,0.0032,2881.0,623.0245,-0.0129,237.7
2221.3667,-0.0039,2874.0,630.6764,-0.0125,221.2
2221.5667,0.0059,2892.0,624.1136,0.0116,122.1
2260.2222,-0.0004,2839.0,605.1609,0.053,108.4
2188.5111,-0.002,2837.0,611.43,-0.0214,175.1
2226.5444,-0.0077,2879.0,633.3136,0.0049,172.5
2231.9555,0.0023,2842.0,613.6673,0.0162,37.3
2263.3222,0.0039,2858.0,611.5609,-0.0005,78.7
2241.1778,-0.0039,2835.0,611.2073,-0.0212,94.7
2243.8556,-0.0141,2853.0,609.7009,0.0403,166.0
2244.9778,0.0105,2811.0,631.6664,0.0568,170.6
2228.9445,-0.0077,2833.0,615.26,0.0183,172.4
2241.1778,-0.0014,2833.0,616.9664,0.0039,140.4
2172.1111,-0.0085,2872.0,620.8864,0.0154,51.8
2222.0111,-0.0029,2849.0,619.0173,0.0258,81.6
2260.2222,0.0058,2886.0,626.8564,0.0676,82.2
2232.0778,-0.0026,2811.0,631.2527,0.053,75.9
2231.9555,0.0087,2845.0,618.2318,0.0205,136.0
2170.7444,0.0066,2892.0,624.7109,0.0258,127.1
2185.1,-0.0006,2893.0,622.6591,0.053,227.6
2183.0556,0.0042,2886.0,629.2973,0.0605,75.1
2218.7778,-0.0013,2885.0,624.74,0.0384,105.4
2188.5111,-0.0007,2874.0,625.6218,0.0404,135.1
2260.2222,0.0118,2893.0,623.57,0.07,33.5
2218.7778,-0.0045,2838.0,611.4273,0.0441,66.2
2239.7222,-0.0116,2833.0,614.11,0.0098,195.3
2227.9778,-0.0012,2842.0,610.1709,0.1096,63.7
2269.2556,0.012,2811.0,619.0327,0.0081,81.3
2209.9555,-0.0042,2867.0,634.0909,0.0093,200.5
2178.5889,0.0097,2838.0,614.5564,0.0061,207.3
2170.7444,-0.0074,2867.0,632.7164,0.0964,75.5
2221.3667,0.0033,2837.0,614.1373,-0.0145,130.3
2194.9555,-0.0152,2844.0,619.1891,0.0076,54.5
2255.5222,0.0078,2852.0,622.3254,-0.005,149.6
2172.8111,-0.006,2815.0,616.8427,0.0246,126.1
2172.8111,0.0021,2828.0,621.7009,0.001,107.9
2165.5333,-0.0074,2837.0,601.38,0.0156,94.5
2172.8111,-0.002,2854.0,625.5091,0.0246,88.6
2246.0666,-0.0012,2828.0,622.5564,-0.0154,79.9
2172.8111,-0.0103,2831.0,622.6127,-0.0244,117.7
2243.8556,-0.0012,2838.0,617.1745,0.0599,54.0
2226.4667,-0.0029,2842.0,610.2145,0.0328,99.3
2172.8111,-0.001,2875.0,625.1473,0.0286,61.7
2173.4889,0.0016,2822.0,622.2382,-0.0123,117.7
2173.4889,0.0012,2833.0,617.6191,0.0132,172.9
2191.8445,-0.004,2856.0,625.3664,0.0348,134.2
2199.6556,-0.0062,2829.0,609.8409,0.0136,85.8
2199.6556,-0.0173,2870.0,615.9345,0.0354,206.6
2173.4889,0.0145,2870.0,614.8055,0.0135,112.5
2198.8556,-0.0001,2874.0,635.4745,0.0004,62.3
2226.4667,-0.0085,2874.0,634.6191,0.0088,103.4
2253.3444,0.0009,2829.0,618.9436,-0.007,179.7
2175.2556,-0.0035,2875.0,624.7364,0.0442,126.7
2195.3,0.0009,2881.0,621.1182,0.0784,86.4
2171.8556,0.0067,2892.0,628.2791,-0.0115,182.7
2255.5222,0.0049,2828.0,619.0327,0.045,161.6
2173.4889,0.0095,2830.0,614.9964,0.0068,121.5
2173.4889,0.0059,2845.0,640.5318,-0.0151,137.0
2172.8111,-0.0017,2854.0,618.6855,0.0648,29.9
2199.6556,-0.0088,2875.0,632.0991,0.0018,232.8
2198.8556,0.0052,2827.0,621.7909,0.0307,40.8
2255.5222,0.0038,2889.0,626.8354,0.0162,184.7
2175.2556,-0.0022,2881.0,627.7555,0.0169,101.6
2171.8556,0.0008,2835.0,616.4091,0.0207,165.1
2236.1111,0.0007,2870.0,617.3982,0.0151,119.7
2164.3666,0.0009,2870.0,616.8073,0.0034,81.4
2221.3667,0.0,2837.0,620.2,-0.0067,252.9
2173.2778,0.0,2837.0,616.6573,0.0188,171.8
2201.6333,-0.0056,2860.0,619.0327,-0.0034,135.2
2167.0889,-0.0005,2822.0,623.0027,-0.002,113.2
2199.6556,0.0102,2892.0,625.1691,0.0025,61.7
2173.2778,0.0038,2815.0,622.8718,0.0817,114.1
2236.1111,-0.0082,2875.0,626.1064,0.0375,213.4
2191.8445,-0.0107,2835.0,616.7473,0.0148,90.7
2173.2778,-0.0114,2835.0,621.9336,0.0031,102.9
2173.2778,0.0054,2837.0,620.04,-0.0442,199.9
2236.1111,0.0032,2875.0,633.5082,0.0195,146.6
2238.1444,0.0016,2874.0,625.8164,0.0146,176.4
2211.4,0.0284,2875.0,640.1427,0.0136,50.3
2173.2778,0.0079,2835.0,618.1809,0.0032,200.0
2191.2111,-0.0086,2855.0,623.6309,0.0197,334.7
2191.2111,-0.0048,2855.0,624.05,0.0023,91.8
2162.1333,-0.0009,2842.0,620.7164,0.0452,145.3
2173.4889,-0.0104,2874.0,626.9182,0.0125,112.7
2162.1333,-0.0024,2889.0,620.9536,0.0251,174.6
2208.9778,-0.0032,2836.0,623.2618,0.115,216.9
2173.4889,-0.0123,2835.0,620.5782,0.0548,104.3
2173.2778,-0.0282,2878.0,639.29,0.03,91.9
2211.4,0.0056,2837.0,606.72,-0.0067,149.6
2226.4667,0.008,2822.0,619.3036,0.0249,94.3
2208.9778,0.0033,2858.0,621.0973,-0.0242,86.9
2173.2778,-0.0033,2852.0,624.0073,0.0143,137.4
2255.5222,0.0084,2835.0,613.5473,0.0452,120.4
2200.1222,0.0009,2831.0,623.7427,-0.0284,69.4
2209.8,-0.0173,2828.0,622.6336,0.0188,116.1
2209.1,-0.0014,2877.0,624.2064,0.0485,86.2
2209.8,-0.0096,2883.0,632.8627,0.0264,281.2
2209.1,-0.002,2883.0,632.1709,0.0156,65.1
2209.8,-0.0125,2883.0,636.2818,0.0105,219.1
2191.8445,0.0094,2893.0,625.6055,-0.0014,171.3
2208.9778,0.0098,2830.0,621.1345,0.0043,89.0
2164.2667,0.0004,2815.0,622.54,0.0285,91.2
2203.1667,0.0024,2878.0,634.9482,0.0063,253.3
2199.6556,-0.0095,2852.0,623.9273,0.0035,82.4
2197.2001,0.0259,2819.0,622.6782,-0.0525,45.5
2206.7999,0.003,2831.0,618.9518,0.0209,140.0
2200.1222,0.0054,2881.0,622.76,-0.0228,119.6
2191.6445,-0.0132,2854.0,622.54,-0.0065,159.0
2209.8,0.0062,2828.0,620.0609,-0.0209,103.2
2202.4556,0.0064,2828.0,615.6464,-0.0076,174.0
2203.1667,-0.0028,2878.0,639.7155,-0.0013,104.9
2202.4556,0.0001,2828.0,619.3227,0.0123,164.5
2202.4556,0.0084,2828.0,619.0355,0.0068,105.9
2203.1667,0.0187,2824.0,618.9009,-0.0031,230.0
2203.1667,0.0196,2870.0,636.1564,-0.0453,140.6
2164.2667,-0.0007,2827.0,624.1291,0.0226,49.8
2209.8,-0.005,2827.0,622.2127,0.0064,113.0
2228.4778,0.0064,2835.0,624.47,0.0071,268.1
2206.7999,0.0079,2835.0,613.0664,0.0044,216.3
2209.1,0.002,2830.0,616.7591,-0.0084,202.1
2164.2667,-0.0035,2827.0,621.4527,0.0208,155.3
2162.1333,-0.0053,2875.0,626.1973,0.0152,192.9
2209.1,-0.0069,2823.0,617.9236,-0.0374,191.7
2162.1333,-0.0122,2834.0,615.6564,0.035,139.1
2164.3666,0.0028,2829.0,608.3682,0.0035,95.2
2224.1889,0.0084,2815.0,623.3355,0.0457,88.9
2211.4,-0.0059,2829.0,624.05,0.0227,176.6
2209.1,0.0054,2877.0,624.6227,0.0956,267.5
2203.1667,0.0168,2831.0,616.3273,-0.0085,86.4
2189.6778,0.0099,2879.0,629.3464,0.0169,182.2
2189.6778,0.0192,2837.0,605.5527,-0.0139,88.0
2189.6778,0.0014,2858.0,623.9527,0.0162,35.4
2208.9,0.004,2828.0,624.63,-0.0004,269.2
2189.6778,0.0123,2871.0,633.1882,0.0096,87.3
2189.6778,0.0052,2830.0,617.2209,0.0124,180.8
2205.2555,0.0018,2854.0,622.4309,0.0153,50.6
2210.8556,0.0039,2823.0,622.9073,0.0325,195.6
2210.8556,-0.0027,2879.0,626.2636,0.0362,139.3
2236.1111,-0.0095,2822.0,620.5091,0.0068,62.9
2210.8556,0.0039,2879.0,624.8955,0.0224,167.2
2203.1667,-0.0064,2854.0,619.5527,0.0087,46.0
2213.2889,-0.0135,2845.0,640.7609,-0.0406,96.6
2208.9,-0.0164,2834.0,627.2173,-0.0078,146.2
2210.8556,0.0039,2862.0,626.7445,-0.0208,65.4
2205.2555,0.0108,2877.0,620.0009,-0.0045,234.5
2208.9778,-0.0007,2837.0,606.9809,0.0396,203.2
2162.1333,-0.005,2831.0,621.8764,-0.0235,108.3
2203.1667,-0.0137,2858.0,626.9282,-0.0233,201.0
2208.9,0.0191,2831.0,615.8764,-0.0443,169.7
2162.1333,0.0089,2815.0,622.4209,0.0294,139.7
2211.4,-0.0123,2831.0,619.3336,0.0069,149.7
2205.2555,0.004,2854.0,617.1791,0.0299,61.4
2223.0444,-0.0075,2858.0,618.2573,0.0935,221.7
2223.0444,0.0073,2870.0,639.8009,-0.039,131.0
2206.4,0.0065,2879.0,629.5382,0.0066,75.4
2212.3,0.0099,2828.0,625.4264,-0.0343,100.1
2223.0444,0.0105,2871.0,630.7955,0.0263,99.2
2223.0444,0.0196,2828.0,617.6791,0.0254,221.4
2210.8556,0.0092,2880.0,622.0664,0.0317,48.1
2206.4,0.0123,2871.0,628.8655,0.0036,155.9
2223.0444,0.0064,2845.0,633.76,-0.035,83.9
2206.4,0.0007,2823.0,621.0336,-0.029,198.7
2207.9555,0.009,2888.0,633.5745,0.0176,66.6
2183.5889,-0.0071,2874.0,615.1636,0.009,226.6
2228.4778,0.0019,2815.0,626.5918,-0.0613,55.5
2212.3,0.005,2877.0,624.7473,0.0209,176.4
2223.0444,0.0067,2877.0,629.0127,0.0306,73.2
2212.3,-0.0073,2878.0,637.5445,0.0157,168.4
2223.0444,0.0015,2880.0,625.2818,0.01,111.8
2223.0444,-0.0034,2835.0,620.1955,-0.0491,34.2
2207.9555,0.0043,2877.0,623.1273,0.0266,61.1
2207.9555,0.0141,2867.0,625.9391,0.0433,93.2
2212.3,-0.0032,2877.0,621.3927,0.0297,65.6
2209.6667,0.009,2828.0,617.4955,0.0412,226.2
2206.4,0.0005,2871.0,632.5664,0.0085,151.7
2231.0555,0.0048,2888.0,633.9309,-0.0184,131.3
2209.6667,0.017,2826.0,613.3409,0.0264,135.1
2206.4,0.0022,2877.0,621.0782,0.0057,93.6
2212.3,0.0,2854.0,618.7664,-0.0231,227.6
2231.0555,0.0075,2878.0,639.9518,0.0173,185.7
2231.0555,0.017,2828.0,612.7745,0.0304,77.0
2207.9555,0.0012,2888.0,625.4127,-0.009,106.6
2207.9555,0.0128,2888.0,631.8055,-0.0441,173.4
2223.0444,0.0055,2855.0,629.5309,0.0376,180.8
2167.0889,0.0094,2875.0,627.6455,0.0067,95.7
2211.4,-0.007,2854.0,611.75,0.0301,106.6
2206.4,0.0001,2823.0,621.8773,-0.0145,129.0
2231.0555,0.0011,2860.0,623.5491,0.0197,217.7
2231.0555,-0.0007,2838.0,621.6509,0.0051,155.1
2231.0555,-0.0141,2835.0,619.3,-0.0294,108.9
2209.4667,-0.0039,2823.0,620.8,0.0382,117.7
2207.9555,0.0101,2871.0,631.6264,0.0198,167.6
2206.9667,0.0002,2826.0,612.6927,0.0281,78.9
2209.6667,-0.002,2827.0,615.0727,0.0287,141.4
2209.4667,-0.0015,2858.0,623.9545,-0.037,87.5
2212.3,0.0073,2878.0,634.0127,-0.0275,73.7
2209.4667,-0.0216,2859.0,623.2873,0.0336,67.0
2209.6667,-0.0004,2828.0,621.4045,0.0015,119.6
2223.0444,0.0015,2879.0,629.6236,0.0033,106.2
2206.4,0.0293,2878.0,630.4555,-0.0131,148.3
2206.4,0.0073,2831.0,619.2464,-0.03,72.8
2207.9555,-0.0043,2889.0,625.4718,-0.052,138.8
2206.9667,0.0085,2860.0,622.3745,0.0106,82.7
2218.7333,0.0142,2867.0,621.8627,0.0263,115.5
2216.8333,-0.0216,2888.0,627.3545,0.018,118.4
2207.1444,-0.0014,2889.0,632.2891,-0.0449,132.1
2206.4,0.0063,2836.0,622.4309,-0.0174,226.2
2231.0555,-0.0058,2877.0,623.8545,0.0005,177.1
2200.2111,0.0046,2876.0,627.8827,-0.0166,71.3
2192.1889,-0.0063,2859.0,623.3645,0.0205,119.8
2217.0,-0.001,2883.0,636.9027,-0.0733,55.9
2210.7333,-0.011,2873.0,643.4145,-0.0608,58.9
2217.0,-0.0164,2876.0,632.7845,-0.0146,63.4
2217.0,-0.0152,2869.0,635.9918,0.0251,64.3
2196.1111,0.0058,2828.0,622.3555,-0.0659,52.2
2200.2111,-0.0109,2867.0,624.9882,0.0202,128.5
2217.5778,-0.0046,2860.0,616.2636,0.0173,65.5
2215.8111,0.0027,2888.0,626.8809,-0.0046,229.9
2192.1889,0.0023,2859.0,625.6436,-0.0581,65.8
2216.8333,0.0016,2883.0,629.6345,0.036,130.1
2192.1889,0.0048,2828.0,612.7873,0.0342,162.0
2172.8111,-0.0058,2835.0,621.9682,0.0142,128.3
2192.1889,-0.0006,2876.0,633.5555,-0.0324,52.3
2210.7333,-0.0032,2883.0,630.9482,0.0147,202.1
2192.1889,-0.005,2882.0,628.2445,0.0256,100.2
2200.2111,0.0095,2871.0,634.8427,0.0178,93.3
2217.5778,-0.0037,2829.0,617.8027,-0.0008,97.9
2215.8111,-0.001,2828.0,616.0536,-0.0033,170.2
2200.2111,0.0053,2873.0,630.9555,0.0129,182.1
2217.0,-0.0057,2854.0,626.1264,0.0015,212.4
2200.2111,-0.0017,2888.0,630.7845,-0.0028,148.5
2215.8111,-0.0113,2867.0,628.0355,0.0114,87.6
2217.0,-0.0108,2869.0,640.21,-0.076,175.3
2195.9778,0.0176,2882.0,632.8018,0.0159,116.5
2195.9778,-0.0202,2860.0,617.3664,0.0184,77.8
2211.0667,-0.0025,2867.0,625.0255,-0.0521,124.6
2150.0556,-0.0182,2820.0,620.7191,0.0227,173.2
2217.0,-0.0062,2873.0,635.57,0.0215,78.8
2150.0556,-0.0228,2889.0,631.9745,-0.0622,96.3
2200.2111,-0.0001,2888.0,631.0236,-0.0048,68.3
2195.9778,-0.028,2876.0,634.8491,-0.0114,128.9
2162.5556,-0.006,2803.0,615.6482,-0.0723,158.5
2205.5,-0.0022,2873.0,638.6982,0.0258,83.5
2211.0667,-0.0349,2873.0,641.5455,-0.0654,95.3
2150.0556,-0.0189,2882.0,631.1045,0.0178,91.8
2180.8889,-0.0209,2879.0,630.3782,0.0223,234.1
2187.9889,-0.0121,2882.0,638.5545,0.0353,163.1
2180.8889,-0.0137,2888.0,631.22,0.0245,85.9
2205.5,-0.0036,2820.0,609.4109,0.0178,127.5
2195.9778,-0.0137,2889.0,626.6846,-0.0659,200.6
2192.1889,-0.0125,2873.0,628.8327,-0.0466,96.6
2205.5,-0.0103,2876.0,636.9709,-0.025,137.0
2205.5,-0.0142,2869.0,637.8036,-0.0331,42.2
2162.5556,0.0064,2803.0,620.6291,-0.0516,169.2
2150.0556,-0.0173,2873.0,633.2027,0.0255,63.2
2217.0,0.002,2888.0,627.4809,0.0466,102.9
2215.8111,-0.0006,2871.0,619.2064,0.0056,193.7
2195.9778,-0.0179,2877.0,626.6209,-0.0462,139.2
2205.5,-0.0077,2869.0,632.0964,-0.0261,161.6
2192.1889,-0.0039,2820.0,618.2173,0.0036,97.5
2180.8889,0.007,2876.0,630.7445,-0.0298,66.2
2195.9778,-0.0065,2820.0,624.2864,0.0119,73.7
2216.8333,0.0102,2829.0,620.4827,0.0142,170.5
2187.9889,0.0107,2803.0,619.9127,-0.0416,87.6
2209.4667,-0.0057,2816.0,611.9545,-0.0742,141.9
2162.5556,0.0017,2861.0,618.9855,-0.048,70.6
2239.4111,0.0021,2882.0,637.4973,0.0158,79.1
2281.5667,0.0035,2835.0,615.5673,-0.0347,164.1
2176.8,0.0095,2820.0,616.0318,0.0268,207.3
2201.0667,0.0018,2858.0,626.3536,-0.0247,62.8
2239.4111,0.002,2879.0,629.0191,0.0182,176.0
2201.0667,-0.0007,2819.0,615.7155,0.0202,174.7
2187.9889,-0.007,2861.0,621.7055,-0.0537,29.7
2239.4111,0.0067,2820.0,621.2727,0.0055,56.4
2167.6888,-0.0076,2873.0,638.4664,-0.0349,71.0
2218.8111,-0.0051,2820.0,625.7445,-0.05,47.1
2239.4111,0.0091,2882.0,636.0982,-0.0009,67.6
2306.1,-0.0026,2823.0,620.6609,0.0131,161.2
2218.8111,0.0123,2882.0,629.1009,-0.0553,125.5
2236.1111,-0.005,2892.0,622.7364,-0.0014,31.9
2201.0667,-0.0001,2858.0,622.9045,0.0187,108.8
2201.0667,-0.0034,2854.0,625.0464,0.0226,97.5
2201.0667,-0.0047,2878.0,629.9736,-0.0037,211.3
2195.1,-0.0122,2881.0,629.3009,-0.0173,100.3
2195.1,-0.0153,2881.0,632.8809,-0.0347,234.0
2207.1,-0.0044,2880.0,618.2773,-0.0465,84.7
2184.4222,-0.011,2881.0,627.1009,-0.0441,109.7
2199.3,0.015,2882.0,632.5291,0.0021,71.8
2201.0667,0.005,2877.0,622.44,0.0024,42.3
2207.1,-0.014,2880.0,622.0773,-0.0265,117.9
2201.0667,0.0037,2824.0,622.5364,0.0179,225.7
2168.5111,0.0031,2888.0,629.8845,0.019,116.3
2207.1,-0.0012,2880.0,623.7782,-0.0404,102.6
2204.6667,0.0017,2813.0,627.2182,0.0114,163.9
2182.5555,0.0033,2879.0,633.9655,0.0256,161.6
2195.1,-0.0138,2822.0,628.3445,-0.0588,86.5
2195.1,-0.0213,2879.0,633.0791,0.0243,67.5
2207.1,0.0118,2872.0,632.3918,-0.0675,98.6
2201.2889,-0.0068,2918.0,624.4391,-0.0653,130.3
2207.1,-0.0058,2876.0,633.7455,-0.128,266.2
2204.2889,0.008,2820.0,616.7918,-0.0577,126.3
2204.6667,0.0078,2883.0,632.2791,-0.0712,90.9
2182.4111,0.004,2828.0,623.9082,-0.0571,195.4
2182.4111,0.015,2882.0,626.1691,-0.0137,49.2
2204.6667,-0.0089,2883.0,631.7491,-0.0692,152.2
2204.6667,-0.0194,2883.0,632.2509,-0.0509,209.4
2204.2889,-0.0042,2822.0,628.1964,-0.0514,59.6
2177.4333,0.0135,2852.0,622.6445,0.0253,64.3
2191.5,-0.0023,2864.0,629.2445,-0.0527,69.6
2191.5,0.0067,2918.0,626.6827,-0.0776,37.3
2181.1889,0.0043,2888.0,619.7964,-0.0647,166.4
2192.7556,0.0082,2820.0,623.1018,-0.0571,203.8
2195.4444,0.0017,2864.0,633.5282,-0.0465,221.1
2181.1889,-0.0066,2884.0,628.9727,-0.0594,208.9
2182.5555,-0.004,2828.0,614.08,0.0176,90.7
2192.7556,0.0046,2885.0,632.7255,0.0301,77.3
2187.9889,0.0085,2861.0,624.0,-0.0535,29.3
2217.4111,0.003,2849.0,632.67,-0.0714,85.7
2201.2889,0.0017,2918.0,634.9736,-0.0696,95.7
2204.6667,0.008,2813.0,629.7482,-0.0771,159.8
2190.7666,-0.0128,2803.0,613.2673,-0.0549,96.5
2177.4333,0.0056,2852.0,619.4945,0.0296,126.7
2187.3444,0.0007,2879.0,628.9136,0.0314,128.8
2204.2889,0.0027,2883.0,628.6264,0.0143,79.4
2177.4333,0.0086,2915.0,621.1582,-0.052,149.9
2192.7556,-0.0025,2879.0,632.8973,0.0264,80.7
2192.7889,-0.0031,2822.0,629.6727,0.0207,170.2
2177.4333,0.0048,2820.0,613.5445,0.0237,102.7
2191.3556,0.0046,2815.0,618.9773,-0.0717,211.7
2191.3556,-0.0056,2876.0,631.1664,-0.0515,55.4
2208.5889,0.0035,2831.0,629.4291,0.0012,192.6
2192.7889,-0.0068,2843.0,625.9382,-0.023,42.9
2190.7666,-0.012,2884.0,621.9691,-0.0672,81.2
2205.5,0.0032,2876.0,631.9391,-0.0314,115.8
2190.7666,0.0021,2883.0,631.9936,-0.0738,107.5
2264.7,-0.0063,2874.0,634.87,0.018,109.1
2192.7889,0.0006,2871.0,630.4273,-0.0345,122.3
2192.7889,-0.0065,2883.0,627.23,-0.0636,112.1
2179.7333,0.0044,2884.0,628.86,-0.0663,84.2
2223.5333,-0.0049,2876.0,631.0609,-0.0373,111.4
2196.1111,-0.0055,2846.0,613.7882,0.0285,173.6
2223.5333,0.0028,2852.0,615.53,0.02,115.1
2190.7666,-0.0074,2876.0,631.1782,-0.0434,176.3
2204.6667,0.0035,2820.0,620.3473,-0.0607,86.1
2187.3444,0.0364,2918.0,630.4873,-0.0625,77.6
2223.5333,-0.017,2918.0,623.85,-0.0721,112.5
2192.7889,-0.0012,2883.0,632.3645,-0.0623,121.1
2191.3556,0.0097,2803.0,623.6127,-0.0717,79.6
2190.7666,0.0085,2874.0,636.8,-0.0674,73.6
2179.7333,0.0046,2915.0,622.2318,-0.0675,105.8
2217.4111,-0.006,2805.0,631.3536,0.0181,74.5
2177.0333,-0.0077,2820.0,617.4818,-0.0591,120.4
2192.7889,-0.0109,2803.0,621.7491,-0.0641,122.6
2167.4222,0.0043,2879.0,633.6291,0.0329,188.4
2184.9889,-0.0026,2879.0,634.6945,-0.0249,163.4
2155.8556,0.0016,2879.0,632.1718,0.0343,57.8
2192.7889,0.0051,2805.0,632.7446,0.0178,120.2
2191.3556,-0.0019,2884.0,628.4473,-0.0648,61.1
2192.7889,-0.0075,2843.0,628.1718,0.0326,106.5
2223.5333,0.0078,2874.0,638.4136,-0.0557,122.0
2187.3444,-0.0056,2811.0,620.01,0.0168,195.9
2190.7666,0.0,2889.0,618.04,-0.0659,141.1
2216.8111,-0.0169,2884.0,630.0127,-0.0634,159.2
2210.3556,0.0038,2910.0,614.7836,0.0076,225.4
2210.3556,0.0037,2876.0,620.88,0.0076,93.4
2210.3556,0.0031,2910.0,614.1336,0.0076,124.4
2212.8445,0.0135,2821.0,627.4054,0.0076,133.2
2212.8445,0.0139,2804.0,612.6909,0.0076,183.4
2167.4222,-0.0024,2820.0,623.2209,0.0076,73.4
2212.6334,0.0142,2821.0,632.7573,0.0076,81.3
2195.4444,-0.0005,2821.0,621.6791,0.0076,126.6
2195.4444,0.0039,2915.0,625.0282,-0.0489,121.1
2192.7556,-0.0048,2889.0,618.22,0.0076,168.0
2195.1,-0.0029,2803.0,611.8573,0.0076,48.2
2210.3556,0.0018,2910.0,618.2018,0.0076,63.2
2182.5555,0.0003,2855.0,616.4936,0.0076,56.6
2181.1889,-0.0016,2871.0,628.8845,0.0076,48.5
2179.7333,-0.0033,2820.0,620.1464,0.0076,110.0
2177.4333,0.0096,2855.0,622.6355,0.0076,152.5
2217.4111,0.0023,2843.0,625.6173,0.0076,103.8
2217.4111,-0.0063,2874.0,630.3955,0.0076,81.4
2204.2889,0.0017,2885.0,631.3109,0.0076,125.8
2212.6334,0.0127,2821.0,630.3291,0.0076,58.9
2179.7333,-0.0057,2864.0,627.11,0.0076,155.0
2198.5667,-0.0093,2829.0,622.1318,0.0076,219.8
2206.3,0.0004,2804.0,617.38,0.0076,134.0
2177.0333,0.0032,2883.0,632.1418,0.0076,66.6
2195.4444,0.0004,2874.0,633.1973,0.0076,68.1
