V1,V2,V3,V4,V5,V6
2187.7333,97.6133,-0.0034,2.0222,2834.0,16.1445
2230.4222,102.3433,-0.0148,2.2667,2853.0,10.9036
2186.4111,95.4878,0.0013,2.3333,2936.0,11.3019
2199.0333,104.2367,-0.0033,2.6444,2936.0,13.5597
2233.3667,100.3967,-0.0072,3.1556,2865.0,21.9782
2233.3667,100.3967,0.0055,1.6333,2865.0,7.618
2230.4222,102.3433,0.0105,2.4889,2853.0,12.74
2248.9,106.24,0.0007,2.7889,2865.0,5.5936
2248.9,106.24,-0.0066,2.1444,2865.0,8.8612
2248.9,106.24,0.0049,2.3778,2865.0,6.8983
2195.1222,103.34,0.0013,1.9444,2891.0,7.8579
2196.2111,97.9156,-0.0154,2.0667,2865.0,9.4424
2195.1222,103.34,0.0216,2.8222,2936.0,11.0227
2184.4333,107.8711,-0.0031,2.3,2872.0,12.64
2224.6222,104.8489,-0.0119,2.4222,2887.0,10.2273
2224.6222,104.8489,-0.0024,2.2444,2875.0,5.9718
2270.2556,104.8078,-0.0037,2.9667,2845.0,16.6636
2270.2556,104.8078,-0.0027,2.2667,2845.0,9.6391
2207.3889,104.0311,0.0014,2.9556,2845.0,11.7073
2208.8556,107.8022,-0.0179,2.4556,2936.0,9.9538
2201.0667,101.5122,0.0116,2.3889,2839.0,9.8192
2207.3889,104.0311,-0.0044,2.7222,2839.0,11.5491
2207.3889,104.0311,-0.0114,2.9222,2845.0,10.1218
2160.3667,105.4978,-0.0138,2.0667,2887.0,13.1691
2203.9,102.2733,0.0073,2.4889,2848.0,15.3809
2257.1667,106.34,0.0058,2.4333,2864.0,16.7209
2257.1667,106.34,-0.0056,2.3111,2856.0,19.5391
2223.0333,109.7067,0.0204,2.8778,2890.0,9.3895
2190.4889,102.1178,0.0032,2.2,2890.0,13.3609
2180.3778,100.2789,0.0138,2.6444,2849.0,8.2273
2191.6667,100.6767,0.0177,2.1667,2864.0,11.3609
2180.3778,100.2789,-0.0056,2.9,2849.0,10.3808
2197.3111,105.3911,-0.0029,3.0889,2910.0,18.9564
2197.3111,105.3911,0.0064,2.0333,2864.0,18.5418
2225.1777,110.2789,0.017,2.2667,2876.0,10.2673
2191.6667,100.6767,0.0115,2.7778,2854.0,24.2354
2223.1667,110.6333,0.0088,2.6889,2890.0,11.68
2221.8445,111.6278,0.0211,2.7222,2849.0,9.9827
2222.6778,110.5644,0.0079,2.1889,2936.0,10.8518
2169.4667,100.8444,-0.0013,2.0444,2864.0,16.3172
2221.5778,111.3444,0.014,2.4222,2890.0,10.7536
2180.3778,100.2789,0.0137,2.5556,2856.0,16.9054
2180.3778,100.2789,0.0092,2.4444,2910.0,21.26
2174.8666,103.6,0.0067,2.7444,2875.0,9.89
2166.5222,104.5211,-0.008,2.0111,2859.0,25.1263
2166.5222,104.5211,0.005,2.5667,2859.0,23.28
2166.5222,104.5211,0.0034,2.2778,2856.0,20.0673
2166.5222,104.5211,0.011,2.2222,2887.0,6.8212
2169.4667,100.8444,0.0067,2.2667,2908.0,9.691
2174.8666,103.6,0.0065,2.6556,2859.0,8.77
2172.9778,101.84,0.0052,1.9444,2832.0,11.31
2180.6778,103.3778,-0.0076,2.0667,2910.0,20.2036
2166.5222,104.5211,0.0146,2.7333,2892.0,33.8537
2172.9778,101.84,0.0047,2.5,2864.0,16.6618
2180.6778,103.3778,0.0031,2.7556,2859.0,11.3827
2166.5222,104.5211,0.0033,2.6667,2836.0,9.6273
2206.5112,101.6667,0.0029,2.2556,2910.0,12.6155
2164.4111,100.5189,0.0116,2.5556,2832.0,33.7264
2223.8,110.06,0.0263,2.5222,2849.0,7.4773
2197.3111,105.3911,-0.001,2.1889,2832.0,15.9918
2206.5112,101.6667,-0.0042,2.2333,2859.0,20.591
2220.5445,106.2567,0.0044,2.7778,2875.0,20.21
2206.5112,101.6667,0.003,2.6,2892.0,26.1263
2246.4889,103.3222,-0.0023,3.1889,2832.0,19.6637
2187.5222,102.4622,0.0071,2.3667,2891.0,30.5082
2202.7111,104.3067,0.0068,2.8333,2862.0,23.5618
2202.7111,104.3067,0.0136,2.5889,2915.0,22.6964
2202.7111,104.3067,0.007,3.0444,2864.0,19.4236
2246.4889,103.3222,0.009,2.9333,2888.0,20.44
2220.5445,106.2567,0.0077,2.6556,2910.0,16.2955
2246.4889,103.3222,-0.0058,2.3444,2915.0,15.9563
2191.6667,103.4233,0.0076,2.7111,2910.0,8.9481
2191.6667,103.4233,0.0011,2.3556,2910.0,18.3472
2220.5445,106.2567,0.0064,2.4667,2832.0,17.0272
2199.3334,100.5544,-0.0042,3.1556,2906.0,15.0236
2191.6667,103.4233,-0.0029,2.8,2892.0,21.8491
2183.4333,99.0267,0.0022,3.1444,2906.0,14.2318
2191.6667,103.4233,0.0022,2.7111,2888.0,16.6609
2183.4333,99.0267,-0.0042,2.0111,2875.0,21.0827
2246.4889,103.3222,-0.0099,2.9667,2910.0,10.5321
2183.4333,99.0267,-0.0016,2.7333,2888.0,19.9972
2246.4889,103.3222,-0.001,2.7333,2875.0,13.7445
2239.3,100.1189,0.0064,2.7111,2859.0,22.91
2202.7111,104.3067,0.0165,2.9556,2906.0,10.9873
2246.4889,103.3222,0.0033,2.6333,2888.0,22.3246
2199.3334,100.5544,-0.0044,2.7111,2891.0,22.4155
2199.3334,100.5544,-0.0111,2.6667,2891.0,27.9609
2183.4556,102.6978,0.0007,2.3222,2849.0,9.4782
2265.1889,100.3889,0.023,2.8556,2849.0,5.8827
2191.9,98.1244,-0.0009,2.4333,2891.0,29.4
2265.1889,100.3889,-0.0098,2.7778,2808.0,13.0754
2174.8666,103.6,0.0349,2.4778,2864.0,10.7382
2246.4889,103.3222,-0.0167,2.9667,2832.0,16.4146
2193.1555,101.1111,0.0008,2.2333,2908.0,27.869
2172.3666,97.2633,0.0043,2.6,2854.0,26.6791
2180.1556,98.1289,0.007,2.3,2891.0,31.3127
2191.6667,103.4233,0.0006,2.7889,2875.0,13.7328
2265.1889,100.3889,0.0028,2.6556,2849.0,7.38
2183.4556,102.6978,0.0194,2.5778,2849.0,3.3254
2232.5889,104.1067,0.0053,2.3333,2910.0,27.5963
2265.1889,100.3889,0.0041,2.8111,2849.0,3.0204
2209.9222,99.0811,-0.0046,2.3111,2849.0,7.4273
2213.7667,98.1978,0.0004,2.8,2908.0,18.47
2265.1889,100.3889,-0.0024,2.6111,2834.0,14.18
2191.9,98.1244,-0.0093,3.0,2894.0,8.2148
2220.7111,103.0567,0.0169,2.5556,2906.0,11.4437
2171.9,99.22,0.0044,3.3,2899.0,12.7836
2172.3666,97.2633,0.0094,3.0333,2906.0,15.6664
2171.9,99.22,0.0026,2.7333,2908.0,8.2381
2171.9,99.22,-0.0063,3.1889,2870.0,16.9794
2220.7111,103.0567,0.0153,2.8333,2836.0,10.2527
2197.8445,99.6667,0.0118,3.0667,2906.0,7.3481
2197.8667,100.2811,0.0029,2.6111,2856.0,17.4936
2210.6111,102.9356,0.0152,2.5444,2892.0,16.6345
2181.1555,101.3611,0.0006,3.0556,2894.0,8.01
2232.5889,104.1067,0.0151,3.1667,2875.0,10.6818
2178.1444,101.0956,-0.0059,3.2333,2899.0,10.7936
2232.5889,104.1067,0.009,2.4,2908.0,12.1563
2220.7111,103.0567,0.0069,2.6667,2899.0,13.69
2171.9,99.22,0.004,2.8889,2875.0,21.6236
2183.4556,102.6978,-0.0068,2.4667,2891.0,29.6318
2171.9,99.22,-0.001,2.4556,2875.0,24.1545
2222.3222,99.6944,0.0006,2.3333,2915.0,17.1728
2222.3333,100.3989,-0.0007,2.9111,2892.0,24.1954
2239.4223,98.3356,-0.0002,3.1,2878.0,8.7877
2196.6555,101.89,0.0033,2.4667,2894.0,28.3818
2191.9,98.1244,0.014,2.9556,2875.0,18.7055
2239.4223,98.3356,-0.0057,2.9556,2878.0,7.3818
2232.5889,104.1067,-0.0045,2.9889,2859.0,17.3827
2220.4444,100.5189,-0.0013,2.7778,2892.0,25.4591
2183.4556,102.6978,0.0083,2.6222,2904.0,22.9055
2171.9,99.22,0.0074,2.5778,2894.0,32.4018
2196.6555,101.89,0.0028,2.8222,2892.0,25.7227
2172.3666,97.2633,0.0056,2.3667,2891.0,39.6172
2242.2444,99.9944,-0.0004,2.5444,2899.0,12.64
2222.3222,99.6944,0.0098,2.6889,2864.0,16.1428
2178.1444,101.0956,0.0124,3.0889,2906.0,15.3845
2178.1444,101.0956,0.007,3.3333,2899.0,15.2672
2171.9,99.22,0.0093,2.5667,2894.0,10.0091
2181.1555,101.3611,-0.0149,3.2667,2899.0,12.5572
2224.4778,101.8267,-0.0074,2.9333,2841.0,22.15
2224.4778,101.8267,-0.0036,3.1111,2841.0,29.0909
2196.6555,101.89,0.0136,3.3444,2899.0,16.67
2222.3222,99.6944,0.0036,2.1889,2859.0,38.8027
2196.6555,101.89,-0.008,2.5,2859.0,28.8718
2196.6555,101.89,-0.0057,2.7778,2915.0,14.8854
2222.3222,99.6944,0.0067,2.9111,2906.0,9.6736
2242.2444,99.9944,-0.0031,2.9556,2904.0,17.26
2224.4778,101.8267,-0.0048,2.4778,2878.0,10.3014
2222.0,100.0144,-0.0035,2.4111,2894.0,40.0636
2219.8222,102.3356,-0.0027,2.7778,2830.0,21.0082
2180.1556,98.1289,-0.0029,3.2222,2846.0,10.3099
2222.3222,99.6944,0.0047,2.8889,2908.0,10.4873
2242.2444,99.9944,0.0085,2.5889,2907.0,23.2691
2196.6555,101.89,-0.0003,3.1444,2910.0,10.5591
2186.2667,103.5633,-0.0088,2.6333,2880.0,11.1138
2181.6111,104.1478,-0.0043,2.6889,2864.0,16.7373
2208.0,100.2478,0.0018,3.2444,2870.0,8.3455
2181.5111,100.9333,0.0038,2.3111,2889.0,23.1272
2184.8778,102.5333,-0.0085,1.9556,2830.0,35.0263
2184.8778,102.5333,-0.0196,2.7,2825.0,16.1127
2221.9444,99.2678,0.0026,2.6222,2878.0,24.4318
2184.8778,102.5333,-0.0133,2.7333,2825.0,23.5091
2181.6111,104.1478,0.0059,2.7,2891.0,26.6782
2217.7556,105.31,0.0041,2.5889,2830.0,25.3682
2221.9444,99.2678,0.0082,2.6778,2880.0,13.1981
2218.7889,98.2667,-0.0038,2.4,2825.0,23.9927
2184.8778,102.5333,0.0003,1.8222,2827.0,31.4
2218.7889,98.2667,-0.0008,2.5222,2825.0,20.8473
2184.8778,102.5333,0.0032,1.9333,2827.0,29.8373
2221.9444,99.2678,-0.0013,3.1,2878.0,15.0791
2184.8778,102.5333,-0.0042,2.6222,2849.0,12.36
2221.9444,99.2678,0.0146,2.0111,2878.0,28.7191
2248.4222,102.6444,0.0177,3.2556,2906.0,13.4282
2234.6111,98.7567,0.0031,3.0556,2885.0,13.4854
2248.4222,102.6444,0.008,3.1,2910.0,6.1218
2248.4222,102.6444,0.0035,2.3667,2901.0,31.7364
2248.4222,102.6444,0.006,2.8222,2889.0,26.4028
2234.6111,98.7567,-0.0117,2.7222,2892.0,21.1246
2256.1222,106.3122,0.0001,1.8556,2895.0,28.5245
2221.9444,99.2678,0.0033,2.5556,2868.0,32.0718
2256.1222,106.3122,-0.0013,2.7333,2849.0,14.6145
2221.9444,99.2678,0.0042,2.5444,2878.0,12.9837
2228.0555,100.2256,0.0027,2.0333,2908.0,27.2246
2234.6111,98.7567,-0.0146,2.1111,2887.0,19.1
2220.7111,103.0567,-0.0011,2.8333,2909.0,11.4237
2221.9444,99.2678,0.008,2.3222,2880.0,10.8136
2221.9444,99.2678,0.0097,2.5111,2877.0,32.7664
2221.9444,99.2678,0.0285,2.7222,2880.0,13.2064
2138.8778,103.34,0.0107,3.2222,2894.0,13.1337
2171.8111,104.7444,0.0129,2.0222,2816.0,13.1382
2171.8111,104.7444,0.0097,2.6111,2816.0,13.46
2139.2667,102.2522,0.0095,2.3667,2827.0,27.8945
2191.7889,106.6711,0.0114,2.5,2816.0,11.9518
2139.2667,102.2522,0.0097,2.6222,2827.0,28.9772
2220.7111,103.0567,0.0097,2.5778,2854.0,7.3772
2304.2111,96.9967,0.0126,2.1222,2901.0,35.1191
2177.1667,104.9322,0.013,3.0222,2830.0,23.77
2223.4,105.7289,0.01,2.9111,2888.0,14.8954
2146.8555,106.8833,-0.0106,2.6111,2827.0,28.9673
2165.6222,105.9356,-0.0119,2.7111,2816.0,14.5664
2192.6889,102.1067,-0.0192,3.0444,2888.0,29.7382
2280.8222,101.9111,0.0039,2.6778,2833.0,15.2927
2205.2889,98.8056,0.0012,2.4333,2870.0,7.8629
2212.7111,101.93,0.0033,2.8333,2821.0,12.7346
2212.7111,101.93,0.0093,1.6444,2824.0,10.2716
2184.8889,103.1656,-0.0137,3.0667,2816.0,17.3355
2187.4444,104.13,0.003,2.3556,2845.0,6.8205
2211.3889,101.9133,-0.0135,2.5667,2824.0,12.69
2205.2889,98.8056,0.0084,2.3667,2870.0,11.2793
2205.4667,105.56,-0.0019,2.4444,2870.0,7.5146
2216.9556,105.0367,-0.0015,2.7,2821.0,10.9753
2230.0333,99.0522,0.0117,2.3111,2835.0,5.1368
2179.0445,95.4256,0.0092,1.7556,2835.0,13.8864
2185.9333,98.6822,-0.0106,2.2,2819.0,8.0949
2205.2889,98.8056,0.0071,2.5111,2831.0,21.5991
2205.2889,98.8056,-0.0143,2.6778,2845.0,11.9646
2211.3889,101.9133,-0.0018,2.1111,2866.0,16.9545
2273.7556,105.0467,0.0047,2.3111,2835.0,10.2433
2233.7666,100.7256,-0.0023,2.6444,2822.0,8.3309
2233.7666,100.7256,-0.0127,2.5222,2821.0,15.03
2225.5889,97.2756,-0.0008,2.3111,2824.0,10.1573
2205.2889,98.8056,-0.0034,2.4,2845.0,13.8522
2185.9333,98.6822,-0.0063,3.0444,2824.0,4.3998
2197.6444,99.9211,0.0018,2.5,2866.0,17.0436
2197.6444,99.9211,-0.0113,1.9333,2866.0,16.2737
2197.6444,99.9211,-0.0061,2.2889,2866.0,16.7854
2197.6444,99.9211,-0.0068,2.8333,2902.0,15.0091
2179.0445,95.4256,0.0004,3.0111,2824.0,21.3618
2185.9333,98.6822,-0.0119,2.7111,2870.0,9.5036
2185.9333,98.6822,-0.0015,1.8,2833.0,15.2427
2214.0556,102.9389,-0.0055,3.1556,2897.0,17.7409
2204.9223,100.4322,-0.0008,2.8222,2831.0,9.4168
2231.9556,102.5344,-0.0037,2.7333,2831.0,12.8882
2177.3222,101.1478,-0.0001,3.3778,2823.0,14.6254
2197.6444,99.9211,-0.0016,2.6111,2902.0,19.3763
2230.0333,99.0522,-0.0181,2.5889,2829.0,26.3554
2185.9333,98.6822,0.0086,3.0889,2829.0,16.91
2230.0333,99.0522,-0.0225,2.8333,2829.0,25.2836
2197.2667,104.1722,-0.0034,2.4444,2830.0,11.0918
2191.1111,102.51,0.0104,1.7778,2822.0,8.9208
2185.9333,98.6822,-0.0088,3.0556,2828.0,19.5491
2181.1555,103.1456,-0.003,2.7,2829.0,18.8173
2204.9223,100.4322,0.0134,2.2111,2831.0,22.3637
2280.8222,101.9111,-0.0087,2.9889,2833.0,17.8636
2177.3222,101.1478,0.0073,2.4222,2866.0,14.9737
2177.3222,101.1478,-0.0089,3.0333,2909.0,15.9709
2195.7666,101.46,-0.0043,2.0333,2823.0,18.8891
2195.7666,101.46,-0.0025,2.3111,2819.0,12.9954
2185.8111,102.6422,-0.005,2.0778,2914.0,10.9861
2178.7333,101.4922,-0.0064,3.5111,2830.0,11.1018
2185.8111,102.6422,-0.0012,2.3111,2866.0,21.8055
2197.2667,104.1722,-0.0037,2.3111,2863.0,10.2603
2244.1111,100.8067,0.0101,2.9333,2819.0,9.9963
2197.6444,99.9211,0.0008,2.7667,2859.0,10.5689
2244.1111,100.8067,-0.0019,2.8,2913.0,15.5709
2244.1111,100.8067,0.0057,2.2111,2859.0,10.3545
2243.7778,102.0978,-0.0044,2.0,2835.0,5.3233
2176.6334,100.4622,0.0012,2.7444,2910.0,13.6636
2197.2667,104.1722,-0.0044,2.4111,2830.0,11.4203
2176.6334,100.4622,0.0004,2.1556,2863.0,11.9663
2243.7778,102.0978,0.0023,2.2889,2819.0,12.0333
2177.3222,101.1478,0.0029,2.0444,2828.0,12.7282
2243.7778,102.0978,-0.0013,1.8778,2802.0,10.5221
2177.3222,101.1478,0.0112,3.1,2859.0,8.8552
2243.7778,102.0978,0.0021,2.0667,2909.0,11.0509
2197.2667,104.1722,0.0026,2.4,2902.0,18.6255
2185.8111,102.6422,0.0027,2.6667,2833.0,17.9019
2243.7778,102.0978,-0.0103,2.5778,2909.0,12.1109
2243.7778,102.0978,0.0015,3.2889,2819.0,7.5638
2183.5777,100.4478,-0.0054,2.6667,2833.0,14.0055
2244.1111,100.8067,0.0017,3.0778,2835.0,13.3354
2178.7333,101.4922,-0.0032,2.1778,2823.0,9.0364
2243.7778,102.0978,0.0073,2.0778,2909.0,13.3955
2244.1111,100.8067,0.0069,2.4556,2824.0,8.3872
2244.1111,100.8067,0.001,2.3111,2897.0,89.5305
2243.7778,102.0978,0.0118,1.9667,2830.0,16.2241
2178.7333,101.4922,0.0004,2.7667,2909.0,15.99
2185.8111,102.6422,-0.0147,2.8444,2866.0,23.1445
2243.7778,102.0978,-0.0017,2.8556,2897.0,13.9691
2201.5777,99.9956,0.0068,3.0111,2819.0,12.569
2243.7778,102.0978,0.0067,1.8444,2823.0,12.1437
2177.3222,101.1478,0.0012,2.4667,2828.0,12.3364
2194.6444,101.9767,0.0306,2.4111,2859.0,12.2864
2214.7111,103.9367,0.0076,2.2111,2801.0,14.6127
2194.6444,101.9767,0.007,3.1111,2830.0,14.9736
2194.6444,101.9767,0.0113,3.3111,2902.0,22.8155
2214.7111,103.9367,-0.0113,2.7778,2833.0,13.2909
2214.7111,103.9367,0.0022,2.5111,2828.0,13.4436
2218.5778,98.1311,-0.0025,2.5778,2828.0,16.3736
2178.7333,101.4922,-0.0046,3.0778,2908.0,13.3309
2244.1111,100.8067,-0.0037,2.7889,2816.0,21.5173
2214.7111,103.9367,0.053,2.3,2802.0,9.2163
2194.6444,101.9767,-0.0093,2.4556,2861.0,13.9591
2201.5777,99.9956,0.0028,2.3222,2859.0,8.4962
2214.7111,103.9367,-0.0046,3.1444,2897.0,10.7173
2224.0,99.83,0.0024,2.3778,2830.0,7.7589
2185.8111,102.6422,-0.0042,3.2111,2802.0,26.32
2218.5778,98.1311,-0.0105,2.4889,2835.0,6.612
2218.5778,98.1311,0.0396,2.5333,2822.0,7.0997
2202.4333,100.8067,-0.0073,3.2778,2828.0,17.78
2201.5777,99.9956,-0.002,2.7,2828.0,13.1655
2195.5333,99.25,-0.0103,3.2889,2821.0,19.3609
2238.5444,99.31,0.0057,2.4222,2843.0,16.8836
2224.0,99.83,-0.0067,2.8111,2801.0,11.4436
2201.5777,99.9956,-0.0145,2.4333,2821.0,32.6027
2195.5333,99.25,-0.0006,2.7778,2833.0,13.0092
2214.7111,103.9367,-0.0052,2.0556,2902.0,18.1246
2214.7111,103.9367,0.0016,2.8333,2824.0,11.2243
2178.7333,101.4922,-0.0025,2.7778,2909.0,23.1546
2214.7111,103.9367,-0.0057,2.2778,2828.0,9.9073
2214.7111,103.9367,0.005,1.9667,2823.0,16.8291
2238.5444,99.31,-0.0076,2.3333,2835.0,22.3027
2238.5444,99.31,-0.0075,1.8,2902.0,14.0973
2196.6889,99.1133,-0.0185,2.2333,2866.0,28.929
2196.6889,99.1133,-0.0135,1.8667,2821.0,10.4509
2218.5778,98.1311,0.0366,2.6222,2861.0,12.8118
2201.5889,105.4122,-0.0068,2.2778,2830.0,10.2
2224.0,99.83,-0.022,2.0556,2861.0,8.7726
2180.9666,106.3311,0.0103,2.7333,2830.0,10.5607
2196.6889,99.1133,-0.0034,2.3667,2828.0,10.9023
2196.6889,99.1133,-0.0151,2.2444,2914.0,12.8245
2238.5444,99.31,0.0024,2.2667,2823.0,11.4509
2238.5444,99.31,0.0058,2.7778,2909.0,18.0182
2224.0,99.83,-0.0054,2.1889,2821.0,9.858
2194.2889,99.6367,0.0084,2.1778,2834.0,14.8618
2177.3222,101.1478,0.0003,2.3889,2833.0,10.0455
2238.5444,99.31,-0.0014,2.4444,2823.0,4.4283
2207.0444,101.6778,0.0072,2.2111,2830.0,11.9155
2205.2222,106.8389,0.0031,2.1222,2873.0,11.8157
2197.6778,102.9611,0.0044,2.3222,2843.0,15.7827
2208.4444,103.71,-0.0036,2.4,2824.0,10.8654
2196.6889,99.1133,0.0026,2.5333,2821.0,24.1964
2204.2667,101.2411,0.0086,2.7111,2823.0,9.0382
2224.0,99.83,-0.0051,2.5333,2821.0,12.2082
2207.0444,101.6778,-0.0032,2.6444,2866.0,28.0482
2201.5777,99.9956,0.006,2.3778,2821.0,35.8527
2197.2333,104.8733,0.001,2.3667,2825.0,8.608
2197.2333,104.8733,0.0082,2.3667,2825.0,15.769
2197.2333,104.8733,-0.0023,2.8111,2820.0,13.2773
2180.9666,106.3311,-0.0113,2.3333,2822.0,7.8294
2197.6778,102.9611,0.0016,1.6889,2821.0,16.0027
2218.0555,105.8133,0.0049,2.0667,2824.0,13.7409
2180.9666,106.3311,0.0057,2.5667,2801.0,17.049
2197.6778,102.9611,0.0039,2.5333,2909.0,13.3482
2194.2889,99.6367,0.0105,2.2556,2830.0,13.4373
2197.2333,104.8733,0.0107,2.8,2873.0,11.3137
2238.5444,99.31,0.0117,2.2111,2828.0,12.1
2218.5778,98.1311,0.0141,2.3333,2902.0,21.1427
2198.7222,104.1989,0.0087,2.7,2824.0,16.2636
2170.5444,104.53,0.0052,2.3556,2821.0,8.7121
2196.6889,99.1133,-0.0162,2.4889,2824.0,21.1545
2208.4444,103.71,0.0069,2.7,2820.0,11.6809
2208.4444,103.71,0.0083,2.5667,2822.0,7.673
2186.9889,103.3322,0.0031,2.1556,2859.0,17.02
2218.0555,105.8133,0.0048,2.3333,2913.0,9.5504
2218.0555,105.8133,0.0097,2.9444,2861.0,26.1591
2218.0555,105.8133,0.0039,3.3111,2861.0,14.411
2224.0,99.83,-0.0017,2.7222,2866.0,25.9427
2197.6778,102.9611,0.0004,2.3778,2822.0,7.9793
2218.5778,98.1311,0.0089,2.2,2828.0,5.9227
2198.7222,104.1989,0.0178,2.3222,2824.0,10.84
2224.0,99.83,0.0101,1.5778,2811.0,20.3227
2186.9889,103.3322,0.0015,2.5778,2825.0,13.8836
2186.9889,103.3322,0.0107,2.0333,2902.0,19.6
2178.0778,104.0167,-0.0324,1.4222,2862.0,9.9493
2208.4444,103.71,0.0111,2.6333,2801.0,14.9128
2186.9889,103.3322,0.0013,2.0667,2821.0,14.9264
2186.9889,103.3322,0.0137,2.3778,2821.0,10.8703
2198.7222,104.1989,0.0087,2.3667,2824.0,8.0228
2197.6778,102.9611,0.0095,2.3667,2861.0,11.5027
2238.5444,99.31,-0.0017,3.2556,2870.0,10.5628
2196.8,99.3944,0.0041,2.8333,2820.0,12.8827
2170.5444,104.53,0.0099,2.3778,2821.0,17.65
2218.0555,105.8133,-0.0021,2.4444,2913.0,15.22
2197.6778,102.9611,-0.0046,2.7333,2802.0,19.0246
2205.2222,106.8389,-0.0329,1.7111,2820.0,11.889
2198.7222,104.1989,0.0072,2.5111,2861.0,14.3846
2207.0444,101.6778,0.0152,2.1667,2830.0,16.9446
2197.2333,104.8733,0.0029,2.7667,2819.0,22.2982
2197.2333,104.8733,-0.0064,2.3333,2897.0,14.0218
2196.8,99.3944,-0.0036,3.0333,2914.0,5.5664
2213.7556,104.1667,-0.0052,2.5778,2820.0,10.3619
2186.9889,103.3322,0.0019,1.9222,2823.0,9.2136
2198.7222,104.1989,0.0091,1.6,2861.0,12.6317
2196.8,99.3944,-0.0289,2.7444,2910.0,13.3228
2205.2222,106.8389,-0.0001,2.2222,2824.0,13.0172
2206.4222,97.7689,-0.0013,2.3222,2909.0,27.9109
2186.9889,103.3322,-0.0046,2.9111,2861.0,10.6737
2197.6778,102.9611,0.0048,2.7,2902.0,15.86
2180.0556,104.7056,-0.0216,2.7111,2824.0,10.328
2213.7556,104.1667,-0.017,2.3667,2802.0,19.1182
2167.5,102.1733,0.0096,2.0,2861.0,12.1605
2205.2222,106.8389,-0.0019,2.6,2821.0,15.4336
2198.7222,104.1989,-0.0181,2.9333,2830.0,16.74
2196.8,99.3944,0.0063,2.8333,2910.0,18.7736
2198.7222,104.1989,0.0125,2.5556,2825.0,11.6881
2213.7556,104.1667,-0.0185,2.0222,2820.0,13.0818
2197.2333,104.8733,0.0018,2.2889,2861.0,14.3136
2202.1222,104.6156,-0.0173,2.4333,2830.0,8.7619
2202.1222,104.6156,-0.0203,2.6778,2823.0,14.5309
2213.7556,104.1667,-0.0239,2.9111,2822.0,13.4527
2218.5778,98.1311,-0.0148,2.6222,2861.0,13.5327
2213.7556,104.1667,-0.0146,2.0222,2830.0,6.8781
2218.0555,105.8133,0.0023,2.7333,2830.0,11.6531
2218.0555,105.8133,-0.0148,3.3667,2828.0,4.4482
2213.7556,104.1667,-0.0264,2.7111,2829.0,20.9055
2178.6889,100.8022,-0.0081,2.3333,2862.0,11.3735
2197.2333,104.8733,-0.0008,2.5778,2897.0,7.43
2218.0555,105.8133,-0.0018,2.5111,2830.0,15.7254
2186.9889,103.3322,0.0009,2.4444,2859.0,14.3073
2178.6889,100.8022,-0.0083,2.7,2820.0,13.4136
2197.2333,104.8733,0.0228,2.5667,2843.0,16.28
2213.7556,104.1667,-0.0069,2.7667,2822.0,14.76
2178.6889,100.8022,-0.0103,2.3333,2849.0,9.6596
2207.8111,108.7689,-0.0238,2.5889,2820.0,12.7463
2218.0555,105.8133,-0.0218,3.1111,2823.0,8.4209
2180.0556,104.7056,-0.0247,2.0333,2801.0,16.309
2178.6889,100.8022,-0.0052,1.9111,2873.0,15.3046
2204.2889,102.9922,-0.0057,2.4889,2857.0,5.3852
2200.7,99.4889,-0.0067,2.5333,2862.0,13.17
2205.2222,106.8389,-0.0059,2.5778,2825.0,33.4336
2204.2889,102.9922,0.0007,2.6333,2857.0,7.7057
2197.2333,104.8733,-0.0029,2.4111,2834.0,13.4263
2218.0555,105.8133,0.0082,1.9,2802.0,20.0191
2217.3777,106.2556,-0.0004,1.6778,2852.0,19.181
2207.8111,108.7689,-0.0213,2.7111,2854.0,4.4578
2178.6889,100.8022,-0.0049,2.0667,2849.0,10.611
2172.5333,103.88,0.0094,2.1667,2849.0,9.9015
2177.0222,103.2567,0.0165,2.6111,2860.0,3.6036
2217.3777,106.2556,-0.001,3.1,2857.0,17.1627
2172.5333,103.88,-0.01,2.4778,2811.0,18.7563
2178.6889,100.8022,-0.0109,1.7,2848.0,16.4128
2172.5333,103.88,-0.0019,2.3556,2834.0,17.2427
2217.3777,106.2556,-0.0055,3.0444,2861.0,12.6318
2213.7556,104.1667,-0.014,2.4333,2866.0,25.8046
2217.3777,106.2556,-0.0124,3.0556,2802.0,21.3864
2213.9333,97.1856,-0.0118,2.1667,2850.0,9.2384
2196.0889,95.6322,-0.0085,2.2778,2858.0,6.1447
2177.0222,103.2567,-0.003,2.5111,2854.0,6.5935
2177.0222,103.2567,0.0009,2.6,2854.0,7.7574
2196.0889,95.6322,-0.0076,2.6444,2873.0,13.9918
2185.3334,93.9844,-0.0093,2.4667,2820.0,18.9336
2207.0444,97.0189,0.0093,3.0556,2854.0,5.9553
2207.0444,97.0189,0.0056,1.8889,2873.0,10.7955
2213.9333,97.1856,0.0034,1.7667,2854.0,10.9205
2203.0445,104.6633,0.0005,3.3889,2870.0,8.8157
2207.0444,97.0189,0.0026,2.1333,2851.0,17.1709
2207.0444,97.0189,0.0022,1.8,2831.0,16.3328
2172.5333,103.88,0.0042,2.5444,2820.0,15.0927
2187.6667,101.8611,0.0056,2.3667,2828.0,8.6287
2173.4556,110.5422,0.0034,2.6333,2859.0,13.7289
2172.1223,100.2533,0.0082,2.4222,2858.0,12.1947
2172.1223,100.2533,0.0031,1.6111,2859.0,12.8055
2170.9667,104.9756,0.0064,2.6444,2901.0,23.33
2180.7,98.9367,0.0129,2.0444,2901.0,20.0736
2191.5667,104.4511,0.0048,2.6889,2887.0,14.7982
2170.9667,104.9756,0.0027,2.1111,2862.0,188.0923
2113.0778,97.92,0.0016,2.5222,2856.0,12.0856
2235.0556,109.9856,-0.0048,2.6333,2854.0,12.9186
2183.3111,102.8467,-0.0027,1.9778,2830.0,11.5227
2163.5889,104.8333,0.0041,2.0333,2820.0,15.0145
2141.0667,98.3344,-0.0032,2.6111,2867.0,11.4596
2163.5889,104.8333,-0.0022,2.9222,2830.0,8.8144
2202.2889,94.8922,0.0025,2.5333,2849.0,12.9063
2230.7555,111.5489,-0.0115,2.0,2834.0,15.5991
2170.9667,104.9756,0.0034,2.3778,2820.0,22.5923
2230.7555,111.5489,0.0003,2.6111,2847.0,16.7036
2198.6889,98.0211,0.0193,1.9667,2900.0,14.3136
2183.1,111.89,0.0039,2.4444,2849.0,16.1673
2183.3111,102.8467,-0.0001,2.2333,2847.0,15.5682
2230.7555,111.5489,0.0037,2.1,2822.0,12.8946
2231.4889,94.1256,-0.0004,2.1778,2857.0,10.8401
2219.1333,97.9378,-0.0072,2.0222,2848.0,12.037
2235.0556,109.9856,0.0017,3.0667,2867.0,9.7001
2173.6444,101.5667,0.002,2.5556,2858.0,7.8558
2179.0778,99.33,-0.0066,2.6111,2802.0,23.5409
2230.7555,111.5489,-0.0027,2.3889,2854.0,16.6263
2208.2334,110.19,0.0083,2.8333,2873.0,13.4554
2173.4556,110.5422,0.0133,2.5889,2859.0,13.0423
2200.7333,95.3311,-0.0051,2.2778,2854.0,11.2733
2230.7555,111.5489,-0.0183,2.3889,2823.0,16.5391
2180.7,98.9367,-0.0088,2.6,2822.0,24.3473
2183.3111,102.8467,-0.0119,1.5444,2820.0,12.6869
2183.1,111.89,-0.0022,2.7667,2837.0,13.4236
2189.6555,98.0433,0.0057,2.5556,2828.0,7.6619
2163.5889,104.8333,-0.0065,2.6778,2862.0,11.5991
2183.3111,102.8467,-0.0095,2.6444,2847.0,18.5328
2179.0778,99.33,0.0002,2.4667,2857.0,16.5918
2207.0444,97.0189,0.0083,2.5667,2854.0,11.4445
2163.5778,105.0833,-0.0165,2.5556,2851.0,17.1182
2168.7222,106.7589,0.0073,2.3222,2822.0,5.1158
2191.5667,104.4511,-0.0075,2.2889,2858.0,12.7122
2146.1111,100.7244,-0.015,2.7556,2851.0,15.0473
2200.7333,95.3311,-0.0125,2.0889,2857.0,13.1382
2235.0556,109.9856,-0.0134,2.1444,2824.0,8.0984
2163.5889,104.8333,0.0088,2.4222,2858.0,11.6468
2180.7,98.9367,0.0083,2.1778,2858.0,11.923
2208.2334,110.19,0.0058,3.1222,2906.0,19.4473
2148.6223,107.9122,-0.0041,1.5333,2834.0,15.1018
2151.2,100.5622,-0.0041,2.5,2906.0,12.239
2180.7,98.9367,-0.0056,2.9111,2834.0,13.0755
2183.3111,102.8467,0.0017,2.0778,2847.0,18.7391
2185.3334,93.9844,0.0065,2.3222,2849.0,13.3418
2126.6555,102.4733,-0.0005,3.1778,2847.0,17.8328
2235.0556,109.9856,-0.0029,2.5778,2858.0,13.1343
2219.1333,97.9378,-0.0112,2.1222,2824.0,11.62
2155.6333,101.4333,-0.0095,2.8111,2852.0,12.1246
2163.5889,104.8333,0.0061,2.5333,2857.0,11.9794
2180.8333,107.3322,-0.0037,2.7889,2858.0,13.6953
2219.1333,97.9378,-0.0032,2.4,2830.0,13.7382
2183.3444,97.5311,0.0059,2.5222,2856.0,13.24605
2173.6444,101.5667,-0.0081,2.5778,2851.0,13.24605
2208.2334,110.19,0.0117,1.9444,2852.0,10.8896
2208.2667,102.6267,-0.0013,2.3,2858.0,14.76
2234.5222,93.1967,-0.0039,2.4556,2862.0,12.9133
2219.1333,97.9378,0.0133,1.8889,2852.0,11.9482
2201.8222,95.9789,0.0025,2.3222,2828.0,13.9137
2170.9667,104.9756,0.0005,2.8778,2859.0,3.7778
2183.3111,102.8467,-0.017,2.4778,2822.0,17.3254
2180.7,98.9367,-0.0024,1.8444,2822.0,15.2691
2173.6444,101.5667,-0.0001,2.2667,2861.0,12.8879
2183.3111,102.8467,-0.0002,2.1222,2847.0,18.4325
2167.2,94.26,-0.0013,1.6444,2873.0,16.1773
2146.1111,100.7244,0.0021,2.1667,2857.0,13.3946
2234.5222,93.1967,-0.0027,2.4333,2858.0,10.0637
2167.2,94.26,-0.0044,2.9889,2843.0,7.7125
2124.8444,100.7978,0.0044,2.3333,2873.0,13.6936
2167.2,94.26,-0.0046,2.9111,2871.0,11.4805
2235.0556,109.9856,-0.006,2.8667,2859.0,10.9515
2208.2334,110.19,0.0052,2.3778,2856.0,12.7509
2253.5111,109.7611,-0.0082,2.0889,2856.0,14.7873
2235.0556,109.9856,0.0017,2.3333,2856.0,14.4718
2141.0667,98.3344,-0.0284,2.5889,2852.0,11.6717
2235.0556,109.9856,-0.0005,2.3111,2856.0,13.57
2162.8445,100.3633,-0.0059,2.4111,2858.0,13.4267
2235.0556,109.9856,-0.0029,2.6222,2873.0,9.8018
2183.3444,97.5311,-0.0069,2.2444,2848.0,12.1355
2180.7,98.9367,0.0039,1.9556,2834.0,12.4728
2220.4778,107.6856,-0.0218,2.5333,2859.0,8.3951
2202.2889,94.8922,0.0028,2.4,2853.0,14.9973
2183.3444,97.5311,0.0013,2.5111,2843.0,7.674
2155.6333,101.4333,-0.0063,1.5667,2833.0,11.2309
2201.8222,95.9789,0.0049,2.1889,2822.0,15.0528
2167.2,94.26,-0.0062,2.8333,2888.0,17.2327
2242.8555,106.21,-0.0003,2.5889,2856.0,14.6036
2216.4778,105.1111,0.0009,2.5889,2858.0,10.2814
2242.8555,106.21,-0.0049,2.1,2867.0,8.39
2216.4778,105.1111,-0.0124,1.6556,2855.0,12.8948
2228.4444,106.2756,0.0092,1.8111,2843.0,12.1627
2167.2,94.26,-0.0059,3.1111,2824.0,9.7697
2216.4778,105.1111,0.0095,2.1,2856.0,10.6183
2216.4778,105.1111,0.0027,2.6222,2852.0,14.6155
2216.4778,105.1111,0.0061,2.8667,2858.0,10.4974
2163.8667,100.8,-0.0056,2.4778,2820.0,12.4782
2235.0556,109.9856,-0.0045,2.8778,2858.0,11.845
2216.4778,105.1111,0.0064,0.7111,2856.0,15.8009
2155.6333,101.4333,0.0068,2.1222,2852.0,8.4078
2180.7,98.9367,0.0037,2.2333,2848.0,12.2001
2126.6555,102.4733,-0.0087,1.9444,2852.0,11.4469
2124.8444,100.7978,-0.0159,2.3889,2858.0,14.8863
2164.3,102.1322,-0.0051,2.1556,2876.0,6.5598
2164.3,102.1322,0.0055,2.7,2867.0,12.7551
2253.5111,109.7611,-0.0021,1.6222,2836.0,9.4727
2162.8445,100.3633,0.0013,2.7111,2906.0,11.6909
2167.2,94.26,-0.0018,2.7667,2840.0,14.2545
2242.8555,106.21,0.0008,2.6889,2846.0,20.0572
2180.7,98.9367,0.0027,2.2667,2826.0,11.1346
2167.2,94.26,0.0039,2.1444,2855.0,12.3092
2242.8555,106.21,0.0167,2.0889,2858.0,11.3909
2220.4778,107.6856,0.0013,2.7556,2881.0,15.5746
2242.8555,106.21,0.0151,2.7222,2848.0,15.4055
2216.4778,105.1111,-0.0072,2.2,2848.0,12.3891
2141.0667,98.3344,0.0003,1.8333,2848.0,8.6469
2164.3,102.1322,0.0044,1.9556,2870.0,12.5046
2201.8222,95.9789,-0.0074,2.3111,2830.0,8.8098
2155.6333,101.4333,-0.0096,1.8889,2824.0,9.5869
2228.4444,106.2756,0.004,2.0111,2840.0,12.818
2159.0556,100.7056,-0.002,2.5222,2836.0,15.2572
2124.8444,100.7978,0.0001,1.5222,2856.0,16.0027
2183.3444,97.5311,-0.0064,2.3,2858.0,9.5027
2159.0556,100.7056,-0.0005,2.5778,2852.0,13.8445
2179.0778,99.33,0.0089,2.2778,2848.0,18.1719
2173.4556,110.5422,0.0017,2.3,2828.0,5.6007
2171.8222,103.6356,-0.0208,2.3889,2875.0,12.8818
2160.6,98.7122,-0.0035,2.1444,2867.0,15.1218
2159.0556,100.7056,-0.0068,2.6333,2857.0,10.2026
2238.4556,103.2589,0.0101,2.2333,2843.0,12.1404
2242.8555,106.21,0.003,2.7333,2836.0,11.5072
2159.0556,100.7056,0.0036,2.6778,2867.0,5.7609
2159.0556,100.7056,0.0008,2.6667,2801.0,13.21
2167.2,94.26,-0.0032,1.6778,2873.0,21.2
2159.0556,100.7056,-0.0055,1.8333,2881.0,15.7682
2160.6,98.7122,0.0011,2.2889,2873.0,10.9018
2242.8555,106.21,0.0049,3.0,2843.0,10.3116
2179.0778,99.33,0.0043,2.0444,2822.0,13.8418
2124.8444,100.7978,-0.0186,2.2556,2822.0,9.9055
2159.0556,100.7056,-0.0041,1.8556,2888.0,16.2372
2124.8444,100.7978,-0.0155,1.7556,2848.0,10.1086
2173.6444,101.5667,0.0057,2.5889,2858.0,13.5055
2164.3,102.1322,0.004,2.4667,2887.0,15.4246
2201.8222,95.9789,-0.0007,2.4111,2866.0,25.3082
2231.4889,94.1256,0.0142,1.9,2857.0,10.7691
2200.0666,103.0644,-0.0269,2.4556,2873.0,20.3755
2200.0666,103.0644,0.0094,0.9889,2846.0,19.1455
2173.4556,110.5422,0.0101,2.1,2863.0,13.2882
2200.0666,103.0644,-0.0053,2.7556,2872.0,19.5291
2172.4,102.4522,0.0001,1.8667,2855.0,9.3529
2200.0666,103.0644,-0.002,2.8889,2892.0,15.6872
2113.0778,97.92,0.0018,2.9,2847.0,15.7782
2172.4,102.4522,-0.0004,2.4222,2881.0,15.0863
2160.6,98.7122,-0.0097,2.6778,2852.0,16.7109
2171.8556,103.4733,0.001,2.0333,2888.0,16.9681
2171.8556,103.4733,0.0034,2.4444,2906.0,13.0401
2171.8556,103.4733,-0.0031,2.9444,2888.0,19.0018
2171.8556,103.4733,-0.0075,2.7889,2872.0,17.0363
2171.8556,103.4733,-0.0164,2.5222,2836.0,11.845
2171.8556,103.4733,-0.0001,3.3556,2892.0,20.0855
2171.8556,103.4733,-0.001,2.1222,2855.0,8.7061
2183.5,104.4156,-0.0009,2.4667,2888.0,16.9445
2217.8667,105.2933,0.0031,1.9889,2888.0,15.5718
2171.8556,103.4733,0.0065,2.7444,2882.0,12.8363
2201.0667,106.5478,0.007,2.9889,2831.0,15.1773
2200.0666,103.0644,-0.0018,2.5111,2873.0,18.3509
2201.0667,106.5478,0.002,2.6556,2889.0,16.4828
2217.8667,105.2933,-0.0039,2.3222,2848.0,11.4873
2167.9444,106.6033,0.0009,2.3667,2917.0,19.2555
2214.9333,100.4456,0.002,2.2111,2843.0,12.5951
2167.9444,106.6033,-0.0033,2.7111,2875.0,16.1227
2183.5,104.4156,0.0074,2.7556,2882.0,16.0554
2167.9444,106.6033,0.0045,2.9,2837.0,24.5027
2171.8556,103.4733,0.0092,2.8,2888.0,18.08
2184.8889,106.69,0.0129,2.6111,2834.0,22.8082
2217.8667,105.2933,-0.0037,2.4889,2855.0,13.9443
2172.9667,104.7189,0.0084,2.8667,2826.0,53.9451
2201.0667,106.5478,0.0052,2.4667,2846.0,16.7345
2167.9444,106.6033,0.0054,2.7333,2831.0,21.1663
2184.8889,106.69,0.0066,2.0889,2852.0,14.5072
2167.9444,106.6033,0.0037,2.7333,2847.0,14.1427
2171.3222,107.17,0.0036,2.4889,2875.0,20.4645
2172.4,102.4522,-0.0023,3.0111,2881.0,17.4191
2236.0667,98.6889,0.0168,2.5111,2858.0,14.062
2233.1556,102.6611,-0.0028,3.1444,2843.0,11.6015
2183.5,104.4156,0.0095,0.7667,2845.0,34.579
2214.9333,100.4456,0.0213,2.9,2907.0,19.53
2217.8667,105.2933,-0.001,2.0889,2848.0,12.1743
2184.8889,106.69,0.01,2.7222,2811.0,9.0415
2171.3222,107.17,-0.006,2.4333,2846.0,18.4718
2171.3222,107.17,-0.0073,2.5444,2836.0,11.7536
2214.9333,100.4456,0.0132,2.1778,2847.0,15.4709
2236.0667,98.6889,0.021,2.0889,2852.0,16.4734
2236.0667,98.6889,0.0085,2.9,2888.0,18.0328
2201.0667,106.5478,0.0114,2.5889,2852.0,12.8305
2233.1556,102.6611,0.0055,2.6333,2917.0,20.2509
2229.3333,102.78,0.0083,2.7,2855.0,9.023
2171.8556,103.4733,0.0073,2.6667,2848.0,13.7556
2233.1556,102.6611,0.0016,1.7556,2852.0,14.4854
2165.8666,108.6589,-0.0019,2.4333,2852.0,11.8073
2233.1556,102.6611,0.0029,2.5556,2836.0,14.1382
2165.8666,108.6589,0.0196,2.3556,2834.0,17.1954
2229.3333,102.78,0.0098,2.4889,2859.0,18.68
2229.3333,102.78,-0.0032,2.0333,2852.0,9.7113
2217.8111,100.1789,-0.0054,2.4889,2843.0,9.9475
2167.9444,106.6033,0.0031,2.2778,2875.0,14.0173
2217.8111,100.1789,0.0085,2.4667,2872.0,15.899
2236.0667,98.6889,0.0131,2.7778,2859.0,9.7867
2217.8667,105.2933,0.0135,2.8444,2831.0,17.77
2233.1556,102.6611,-0.0026,2.9778,2875.0,18.5282
2171.3222,107.17,-0.0044,2.6111,2882.0,13.4528
2214.9333,100.4456,0.0048,3.0667,2876.0,8.3183
2229.3333,102.78,0.0192,1.8111,2837.0,14.5473
2159.0556,100.7056,0.0061,2.7444,2843.0,10.123
2201.0667,106.5478,0.0149,2.9889,2870.0,10.1415
2217.8111,100.1789,0.0121,2.6778,2881.0,13.1609
2214.9333,100.4456,0.0191,1.8222,2907.0,10.5073
2184.8889,106.69,0.0013,2.8556,2917.0,21.129
2229.3333,102.78,0.0046,2.6889,2847.0,7.9873
2233.1556,102.6611,-0.0178,2.2889,2852.0,13.8091
2233.1556,102.6611,-0.0014,2.1556,2858.0,9.2543
2233.1556,102.6611,0.0169,2.1889,2849.0,10.6835
2184.8889,106.69,0.0084,1.8,2881.0,13.9354
2217.8111,100.1789,0.0142,2.8222,2831.0,24.8391
2233.1556,102.6611,0.0034,2.7222,2831.0,21.9709
2171.3222,107.17,-0.0043,2.2889,2872.0,16.1442
2159.0556,100.7056,-0.0017,2.6,2881.0,12.6663
2215.3889,101.2178,-0.0072,2.8,2916.0,12.8082
2165.8666,108.6589,-0.0002,2.0778,2840.0,11.5303
2215.3889,101.2178,-0.0094,2.9111,2843.0,8.0516
2165.8666,108.6589,-0.0121,2.3444,2908.0,14.5554
2179.2,106.96,-0.0058,1.7778,2834.0,17.0281
2215.3889,101.2178,0.0039,2.6778,2831.0,14.7009
2233.1556,102.6611,-0.0069,3.0,2847.0,17.0083
2215.3889,101.2178,-0.002,2.5333,2876.0,7.6957
2172.2778,105.7633,-0.0072,2.8333,2907.0,21.1473
2184.8889,106.69,0.0035,2.2,2876.0,7.5635
2201.0667,106.5478,0.0224,1.8444,2840.0,11.4049
2214.9333,100.4456,0.0145,2.6111,2836.0,13.3573
2242.4333,98.1133,0.0309,2.1556,2831.0,16.8227
2150.5889,105.6089,0.0217,2.2556,2845.0,7.1064
2205.7222,105.66,-0.0026,2.4556,2847.0,15.9991
2227.2444,107.8778,0.0022,2.8667,2915.0,15.2109
2179.2,106.96,0.0077,2.6222,2854.0,14.9327
2205.7222,105.66,-0.0043,2.8444,2855.0,13.5051
2220.4001,100.9711,0.0126,2.4333,2872.0,15.4109
2214.9333,100.4456,0.0051,2.9333,2843.0,13.9697
2205.7222,105.66,-0.0055,2.8222,2872.0,9.6396
2171.3222,107.17,0.0132,2.8,2907.0,17.2573
2229.3333,102.78,-0.0077,2.5444,2848.0,13.6804
2171.3222,107.17,0.0057,1.9222,2873.0,18.5782
2205.7222,105.66,0.0121,2.2444,2843.0,12.1909
2215.3889,101.2178,-0.0087,2.4,2845.0,9.3151
2205.7222,105.66,0.0091,2.2556,2834.0,21.8473
2201.0667,106.5478,0.0174,2.3444,2881.0,9.7209
2205.7222,105.66,-0.0045,2.7778,2847.0,14.2947
2216.5111,107.4867,0.0022,2.3333,2845.0,17.3628
2216.5111,107.4867,0.0024,1.7556,2840.0,15.42
2221.5333,99.7633,0.0005,2.1778,2872.0,16.4116
2236.0667,98.6889,0.0005,2.8222,2855.0,13.2418
2229.3333,102.78,0.0197,2.2889,2852.0,12.6881
2205.7222,105.66,0.0056,2.3333,2881.0,12.2955
2227.2444,107.8778,-0.0064,0.6667,2872.0,13.6667
2198.2667,105.0589,-0.0022,1.9889,2851.0,14.1809
2173.6222,107.1889,-0.0084,2.3667,2872.0,13.4814
2210.9778,106.2089,-0.0119,2.0889,2903.0,15.53
2210.9778,106.2089,-0.0023,2.9,2903.0,21.89
2216.5111,107.4867,-0.0024,2.2,2915.0,11.9873
2210.9778,106.2089,0.0025,2.8444,2915.0,24.6254
2250.7445,106.2956,-0.0014,2.6667,2845.0,13.8554
2242.4333,98.1133,0.0015,2.2111,2876.0,9.4126
2216.6778,96.5556,0.0023,2.2111,2903.0,22.7528
2250.7445,106.2956,-0.0006,2.2444,2851.0,12.9727
2210.9778,106.2089,-0.0002,2.4556,2835.0,11.2464
2210.9778,106.2089,-0.0005,1.7222,2903.0,18.9318
2210.9778,106.2089,-0.001,2.5111,2845.0,10.8064
2218.6333,106.9089,0.0016,1.4222,2851.0,10.4273
2189.2333,103.5789,-0.0021,2.0222,2915.0,9.8109
2136.4111,106.6633,-0.0041,2.1556,2856.0,14.7937
2136.4111,106.6633,0.0057,2.3,2856.0,13.0173
2189.8778,107.82,-0.0028,1.0333,2856.0,14.56
2151.6889,102.6711,0.0069,2.6111,2866.0,10.9955
2136.4111,106.6633,0.0157,1.6333,2855.0,17.0691
2201.3556,103.9978,-0.0035,2.5,2851.0,10.2582
2189.8778,107.82,0.015,2.4111,2866.0,7.8728
2162.7556,107.2622,-0.0055,1.9444,2829.0,20.6718
2203.4556,104.6767,-0.0024,2.3444,2845.0,21.4281
2136.4111,106.6633,-0.0029,2.1111,2866.0,10.7291
2189.8778,107.82,0.0147,1.7778,2864.0,8.6617
2203.4556,104.6767,0.0013,2.6556,2827.0,16.4954
2203.4556,104.6767,0.0084,2.0667,2851.0,15.9881
2219.3445,104.3867,0.0035,2.1333,2855.0,13.5963
2189.8778,107.82,-0.0002,2.1667,2889.0,19.3264
2162.7556,106.8744,0.0004,1.6333,2841.0,13.2937
2251.8222,104.9456,-0.0034,2.3778,2841.0,13.3655
2223.2778,102.96,-0.0121,2.6444,2870.0,10.9928
2146.9111,104.3711,-0.009,2.0778,2851.0,14.9836
2203.4556,104.6767,-0.0127,2.4111,2851.0,14.6454
2210.9778,106.2089,0.0101,2.8222,2835.0,13.7927
2210.9778,106.2089,-0.0105,1.6333,2840.0,14.3273
2151.6889,102.6711,-0.004,2.7,2866.0,12.2382
2162.7556,106.8744,-0.0087,3.0333,2861.0,9.8518
2155.3111,105.0478,0.001,1.9778,2866.0,9.699
2151.6889,102.6711,-0.0153,2.2111,2861.0,7.6522
2155.3111,105.0478,0.0027,1.4111,2864.0,12.1119
2145.4555,103.7878,0.0032,2.0333,2866.0,8.4327
2155.3111,105.0478,-0.0075,2.0,2864.0,9.794
2210.9778,106.2089,-0.0046,2.2889,2840.0,17.2755
2155.3111,105.0478,0.0147,2.2111,2864.0,13.4637
2117.5889,106.4944,-0.005,1.0333,2855.0,18.8245
2155.3111,105.0478,-0.0101,2.0444,2856.0,20.7427
2146.9111,104.3711,-0.0123,1.3444,2841.0,15.3527
2136.4111,106.6633,-0.0022,2.2,2864.0,12.6082
2245.3667,102.4089,-0.0069,1.6778,2851.0,14.3073
2190.1555,105.7411,0.0084,2.1778,2860.0,18.0672
2127.9555,107.1522,-0.0151,1.9556,2855.0,15.2009
2130.0556,105.9011,-0.0066,2.4889,2844.0,14.5955
2181.0444,104.0133,0.0057,2.4778,2864.0,15.9227
2127.9555,107.1522,-0.0039,2.0556,2855.0,19.6591
2190.1555,105.7411,0.0049,2.2111,2844.0,22.2582
2174.7555,104.2622,0.009,1.5444,2850.0,17.5864
2190.1555,105.7411,-0.0018,1.5556,2860.0,13.99
2211.7222,100.9256,0.0022,1.8667,2855.0,17.4727
2190.1555,105.7411,-0.0056,2.4778,2855.0,12.9118
2117.5889,106.4944,0.0006,2.4222,2864.0,13.1664
2190.1555,105.7411,-0.0178,2.0889,2860.0,17.0018
2130.0556,105.9011,-0.0171,2.5333,2849.0,12.7581
2181.0444,104.0133,-0.0025,2.0778,2860.0,17.2464
2181.0444,104.0133,0.006,2.1667,2856.0,16.1182
2169.1111,100.1744,0.0055,1.9889,2860.0,12.9264
2175.9667,98.5822,0.0007,2.0778,2849.0,14.6819
2175.9667,98.5822,0.0107,2.8111,2887.0,16.0973
2181.0444,104.0133,0.0057,1.8,2860.0,6.7446
2197.5222,106.0733,0.0077,1.3444,2860.0,16.7036
2197.5222,106.0733,0.0086,1.7667,2860.0,20.1091
2197.5222,106.0733,-0.0165,2.2444,2856.0,18.119
2127.9555,107.1522,-0.0166,2.2444,2855.0,19.8182
2174.7555,104.2622,-0.0148,2.6556,2850.0,15.2337
2169.1111,100.1744,0.0036,2.3667,2864.0,15.46
2190.1555,105.7411,-0.0002,2.9778,2850.0,17.8028
2194.5889,97.7622,0.0057,2.5333,2850.0,18.49
2194.5889,97.7622,0.0055,2.2333,2860.0,18.2736
2170.0666,96.77,-0.0008,2.5333,2844.0,16.6
2218.6333,106.9089,-0.0035,2.7778,2840.0,9.7126
2194.5889,97.7622,0.0126,1.4778,2865.0,11.0378
2175.9667,98.5822,0.0159,1.6667,2865.0,12.6062
2204.5445,95.9222,0.0023,2.4111,2860.0,10.7455
2188.7222,105.17,0.0087,2.4111,2864.0,15.3963
2204.5445,95.9222,0.0153,2.2667,2865.0,5.6269
2194.8,99.0344,0.008,2.5889,2856.0,14.4818
2194.5889,97.7622,0.0047,1.9778,2851.0,13.5982
2194.8,99.0344,-0.0086,1.8556,2869.0,8.9432
2204.5445,95.9222,0.0057,2.3667,2850.0,15.1609
2204.5445,95.9222,0.0055,1.7889,2860.0,13.9519
2187.8111,90.4933,0.0053,2.2667,2860.0,10.6702
2220.0445,88.0444,0.0032,2.4444,2860.0,11.1672
2216.7333,97.5822,0.0129,2.7444,2862.0,13.24605
2188.7222,105.17,-0.0078,1.5222,2857.0,15.8327
2187.8111,90.4933,0.0145,1.9111,2860.0,13.0373
2134.7445,99.5133,0.0018,1.8444,2856.0,12.0673
2188.6,93.1656,-0.0209,2.3,2888.0,9.5695
2216.7333,97.5822,0.0075,2.2,2887.0,13.53
2187.8111,90.4933,0.0079,1.9889,2860.0,13.3146
2224.6778,101.1333,-0.0076,1.4778,2855.0,14.6927
2194.5889,97.7622,0.0003,2.5556,2849.0,13.2627
2204.5445,95.9222,-0.0028,1.8778,2844.0,15.3491
2188.7111,102.0011,0.0089,2.0556,2856.0,12.6009
2218.9445,96.4389,0.0059,2.4444,2844.0,14.8045
2170.0666,96.77,0.0025,2.7889,2860.0,14.4218
2218.8778,100.9444,0.0132,2.2444,2887.0,13.7263
2194.5889,97.7622,-0.0091,2.1111,2889.0,17.1263
2202.1222,95.85,0.0075,1.9889,2844.0,17.3955
2216.7333,97.5822,-0.004,1.4,2887.0,14.0237
2170.0666,96.77,0.0062,1.9889,2854.0,17.8428
2205.7445,101.8644,0.0,0.8778,2863.0,12.5904
2205.7445,101.8644,-0.0024,1.5333,2887.0,18.3982
2189.8111,104.8856,0.0121,2.8,2858.0,13.9054
2210.7778,91.1078,0.0006,2.1111,2855.0,11.7043
2224.6778,101.1333,0.0094,2.0222,2873.0,11.6673
2204.2333,89.0356,0.0181,1.4667,2862.0,8.8436
2224.6778,101.1333,0.0031,1.9333,2855.0,12.68
2225.0222,98.5978,0.0063,2.2444,2858.0,8.7067
2204.2333,89.0356,0.0106,2.4111,2862.0,10.4532
2202.2556,94.6922,-0.0135,2.0111,2865.0,6.4102
2224.6778,101.1333,0.0056,2.5889,2856.0,14.4382
2220.0445,88.0444,-0.0119,2.0222,2863.0,8.8717
2224.6778,101.1333,0.007,2.0333,2855.0,13.8682
2246.5778,96.7089,0.005,2.4333,2850.0,14.9837
2195.6667,98.9844,0.0066,2.0333,2862.0,13.24605
2205.7,100.8511,0.007,2.2778,2858.0,10.0791
2200.2333,101.6111,0.0157,1.7667,2858.0,10.1335
2214.2889,101.7044,-0.013,1.5111,2858.0,11.9536
2212.8667,101.6156,-0.008,1.5222,2867.0,10.0756
2200.9556,100.37,-0.013,1.9444,2843.0,11.3046
2218.8778,100.9444,0.0096,2.3556,2858.0,10.2843
2200.9556,100.37,0.0075,2.0889,2843.0,15.04
2204.2333,89.0356,0.0147,2.4111,2844.0,14.2618
2205.7445,101.8644,0.012,2.2333,2887.0,21.3173
2189.5777,100.7744,0.0135,2.5,2858.0,14.9991
2199.6334,99.2178,-0.006,2.7333,2871.0,16.4646
2114.6667,98.7844,0.0057,2.1556,2860.0,14.61
2134.7445,99.5133,0.0076,2.1444,2860.0,13.2509
2175.3445,107.1422,-0.0063,1.8556,2849.0,13.3391
2127.9555,107.1522,-0.0017,2.0444,2872.0,9.4155
2114.6667,98.7844,0.0045,2.0778,2859.0,9.6593
2214.1667,100.4633,0.0061,2.2889,2835.0,9.8255
2188.6,93.1656,-0.0084,1.8667,2855.0,15.4118
2246.5778,96.7089,-0.0038,1.8333,2885.0,11.8327
2208.6556,97.0367,0.0002,2.9111,2865.0,7.6141
2189.3556,83.4233,-0.0086,1.8778,2837.0,6.8847
2192.0,94.93,-0.005,1.7667,2811.0,17.2
2200.9556,100.37,0.0125,1.7889,2843.0,12.9509
2199.6334,99.2178,0.0121,2.4,2851.0,14.3253
2200.2333,101.6111,0.0053,2.4444,2843.0,6.4705
2199.6334,99.2178,-0.0064,2.3667,2848.0,20.3154
2212.8667,101.6156,-0.0023,2.2,2861.0,15.191
2240.8666,86.3822,0.0129,1.8111,2843.0,10.3328
2213.5111,103.0911,0.001,2.6889,2816.0,15.2727
2189.3556,83.4233,0.0037,2.8222,2867.0,16.0385
2196.0,97.5578,0.0044,1.9667,2861.0,13.3781
2196.0,97.5578,0.009,1.8556,2837.0,9.0228
2189.3556,83.4233,-0.0026,1.9,2861.0,17.17
2240.8666,86.3822,0.0084,1.9333,2816.0,12.1618
2187.4111,88.0911,0.0005,1.9333,2867.0,9.9564
2187.4111,88.0911,0.0107,2.6556,2837.0,9.6634
2196.0,97.5578,-0.0018,3.0889,2859.0,12.9899
2211.7778,98.9989,-0.0033,2.0444,2872.0,5.7613
2191.1333,89.7222,-0.0066,1.9333,2846.0,8.2525
2211.7778,98.9989,0.0042,2.3667,2867.0,12.4143
2216.5,99.9867,0.001,1.8667,2846.0,12.0964
2216.5,99.9867,0.0,2.1444,2839.0,13.22
2202.5556,101.8922,-0.0027,2.6333,2855.0,12.4141
2200.9889,100.18,-0.0048,2.5444,2855.0,16.1773
2315.2667,90.1144,0.0041,3.1333,2871.0,17.1809
2213.2111,87.7411,-0.0093,2.6,2845.0,15.0755
2171.5,101.5122,0.015,2.2333,2816.0,14.2836
2171.5,101.5122,-0.0099,2.1667,2863.0,9.8176
2187.4111,88.0911,0.0062,2.7,2839.0,13.0654
2195.6667,98.9844,-0.0096,1.7889,2863.0,10.6332
2213.5111,103.0911,0.005,2.4556,2858.0,11.3091
2200.9889,100.18,0.0046,2.6111,2857.0,9.1736
2192.3778,99.2922,0.0037,2.5556,2872.0,7.4692
2171.5,101.5122,0.0112,2.2,2837.0,10.4818
2192.3778,99.2922,-0.005,2.8778,2837.0,6.8216
2180.5556,101.4578,-0.0045,1.8,2863.0,6.2481
2210.2778,95.1089,-0.0146,2.8889,2844.0,14.0791
2191.1333,89.7222,-0.0008,2.8667,2839.0,14.0854
2216.5,99.9867,0.0044,1.6778,2859.0,13.6246
2171.5,101.5122,0.0006,2.6556,2855.0,13.3545
2216.5,99.9867,-0.0017,1.8,2837.0,9.8464
2180.5556,101.4578,0.0034,2.5889,2846.0,11.6591
2171.5,101.5122,0.0028,1.9667,2863.0,6.4257
2200.9889,100.18,-0.0127,2.8,2842.0,20.1872
2206.5777,100.6189,-0.0055,3.0,2852.0,20.5354
2210.2778,95.1089,0.0076,2.4222,2867.0,12.7364
2200.9889,100.18,0.0058,2.5111,2846.0,19.8237
2214.7889,97.3378,-0.0011,2.7,2867.0,16.4009
2189.9667,102.3622,-0.0028,2.5889,2845.0,14.9827
2189.9667,102.3622,0.0026,2.1556,2845.0,15.4681
2189.9667,102.3622,-0.0038,2.6889,2845.0,12.2827
2189.9667,102.3622,0.0025,2.4889,2845.0,14.2691
2191.1333,89.7222,-0.0064,2.8,2839.0,14.0936
2201.0667,101.5122,0.0059,2.2444,2858.0,13.7063
2194.3778,100.1833,0.0021,2.0,2851.0,15.4964
2213.2111,87.7411,-0.0007,2.1111,2839.0,10.85
2201.0667,101.5122,-0.0033,1.0667,2860.0,16.5763
2315.2667,90.1144,0.0125,2.7222,2872.0,7.8229
2185.2111,100.5978,0.0058,1.6444,2863.0,13.1682
2315.2667,90.1144,0.0215,2.4333,2867.0,16.2791
2171.5,101.5122,0.0086,2.0778,2837.0,10.1147
2201.0667,101.5122,-0.0018,1.9222,2863.0,5.7587
2210.2778,95.1089,0.0,2.3778,2867.0,15.7918
2194.9556,86.81,0.0151,1.4222,2846.0,19.5418
2194.9556,86.81,0.0247,2.7778,2852.0,11.1677
2194.9556,86.81,-0.0045,2.4222,2846.0,13.5037
2213.2111,87.7411,-0.0068,2.7667,2846.0,9.3769
2189.9667,102.3622,0.0072,2.5,2845.0,14.6693
2060.66,96.6256,0.0028,2.1444,2837.0,11.0804
2227.2444,102.7956,-0.0008,2.5333,2846.0,12.9827
2211.4334,86.7956,0.0052,2.3444,2844.0,14.6964
2060.66,96.6256,0.0007,2.0111,2839.0,11.4591
2195.5,105.8378,-0.0104,2.2,2832.0,13.7437
2194.3778,100.1833,0.013,1.9,2843.0,12.5409
2227.2444,102.7956,0.0135,2.4667,2852.0,16.7409
2227.2444,102.7956,-0.0036,2.3,2832.0,14.8118
2060.66,96.6256,0.001,2.6,2859.0,15.8782
2202.3556,102.7833,0.0063,2.2222,2852.0,19.1064
2227.2444,102.7956,0.0087,2.9333,2842.0,12.8537
2060.66,96.6256,0.007,2.0222,2867.0,9.7891
2197.3222,97.6267,0.0051,2.1889,2854.0,14.03
2201.0667,101.5122,-0.0096,2.8667,2889.0,16.5782
2060.66,96.6256,-0.0045,2.3667,2867.0,14.6864
2060.66,96.6256,-0.0038,1.9889,2858.0,14.9391
2168.7333,104.8544,0.0055,1.9333,2852.0,13.243
2228.7222,94.6056,0.0105,2.6556,2846.0,13.6146
2213.9111,96.9456,-0.0085,1.7222,2843.0,12.1755
2204.5,91.8511,-0.007,3.1333,2854.0,14.0788
2197.3222,97.6267,-0.0021,2.4556,2851.0,14.2627
2211.4334,86.7956,-0.002,2.7444,2846.0,11.6928
2184.7222,101.9178,-0.0053,1.6889,2867.0,11.8709
2168.7333,104.8544,0.001,2.4889,2872.0,11.5009
2206.1444,95.9511,-0.0165,2.1222,2842.0,8.5982
2197.3222,97.6267,0.0049,2.7667,2836.0,12.05
2211.4334,86.7956,0.0018,2.2111,2848.0,17.2272
2206.1444,95.9511,-0.0061,1.4778,2832.0,17.6063
2210.2778,95.1089,0.0111,2.5889,2859.0,11.0454
2168.7333,104.8544,-0.0037,2.1444,2852.0,10.1337
2195.5,105.8378,-0.0049,2.1333,2842.0,8.1046
2227.2444,102.7956,0.0062,2.3889,2842.0,19.4927
2213.9111,96.9456,-0.0039,1.8222,2832.0,13.5009
2172.3111,101.3556,-0.0112,2.4667,2851.0,16.2191
2204.5,91.8511,0.0023,2.1,2851.0,19.6091
2180.5556,101.4578,0.0017,2.0556,2839.0,13.0081
2197.3222,97.6267,0.0062,2.3444,2852.0,18.5573
2180.5556,101.4578,-0.0051,2.5556,2846.0,12.9654
2180.5556,101.4578,0.0092,2.5667,2855.0,15.1481
2206.1444,95.9511,-0.0011,2.4556,2837.0,19.6655
2168.7333,104.8544,-0.0125,3.3333,2832.0,12.5955
2204.1555,100.6922,-0.0095,2.6222,2844.0,8.6795
2206.5777,100.6189,0.0005,2.4778,2858.0,10.7128
2213.9111,96.9456,-0.0033,2.6333,2847.0,15.4491
2213.9111,96.9456,-0.0002,2.4,2845.0,8.0645
2172.3111,101.3556,0.0005,2.7333,2832.0,19.8519
2168.7333,104.8544,0.0008,2.3667,2844.0,9.3112
2172.3111,101.3556,-0.011,1.5667,2844.0,11.8201
2201.8666,99.9211,0.0077,1.6667,2857.0,9.2782
2201.8666,99.9211,-0.0065,2.6444,2845.0,14.3519
2060.66,96.6256,-0.0057,2.9111,2843.0,15.2572
2206.1444,95.9511,-0.0078,2.7778,2855.0,18.1754
2209.0889,98.9011,-0.0095,3.0,2852.0,6.0315
2202.3556,103.2378,-0.0132,2.4222,2854.0,14.0791
2211.6,94.2089,0.0102,1.9778,2837.0,19.7973
2172.3111,101.3556,0.0111,2.2111,2852.0,8.2639
2206.1444,95.9511,-0.0083,1.7556,2843.0,7.5032
2201.8666,99.9211,-0.0043,2.6556,2846.0,10.5186
2213.9111,96.9456,-0.0195,2.7889,2847.0,13.7772
2215.5111,99.4189,0.0111,2.5556,2855.0,15.4673
2201.0667,101.5122,0.0009,1.7556,2863.0,13.24605
2223.9,96.7567,0.0061,2.3111,2861.0,14.7591
2206.1444,95.9511,-0.007,2.1556,2843.0,20.3809
2188.5444,103.5944,-0.0269,2.6444,2851.0,16.0836
2215.1778,85.6589,-0.0007,3.1778,2839.0,12.5036
2172.3111,101.3556,-0.0007,2.5556,2832.0,11.3636
2184.7222,101.9178,-0.0072,1.8667,2863.0,8.8239
2215.5111,99.4189,0.0009,1.8111,2839.0,13.4591
2247.3666,104.36,-0.0046,2.5444,2836.0,9.7918
2215.5111,99.4189,-0.0009,2.5333,2847.0,16.8182
2194.9556,86.81,0.0071,2.7,2859.0,17.5091
2206.1444,95.9511,0.0024,2.3222,2842.0,16.4427
2189.3556,83.4233,0.0014,2.6444,2843.0,8.7316
2166.2111,105.6256,0.0018,3.2,2832.0,14.6891
2226.3111,92.6178,-0.0078,3.0889,2852.0,17.4227
2206.1444,95.9511,0.0014,2.3667,2852.0,13.3464
2226.3111,92.6178,-0.0011,2.2889,2842.0,15.0655
2223.9,96.7567,0.0063,2.5,2837.0,12.9554
2218.6223,99.6067,-0.0076,3.0222,2847.0,10.4737
2153.9778,100.9367,0.0233,2.0889,2847.0,13.6627
2172.3111,101.3556,-0.0046,3.1444,2832.0,17.9737
2153.9778,100.9367,0.017,2.6444,2857.0,9.9496
2211.6,94.2089,0.0041,2.7333,2849.0,14.1363
2169.8334,101.9733,-0.0192,2.1667,2845.0,9.4518
2201.8666,99.9211,-0.0049,2.6,2836.0,13.3819
2146.7778,84.9267,0.0077,2.3667,2854.0,10.356
2215.5111,99.4189,0.0105,1.9,2847.0,16.0845
2247.3666,104.36,0.0028,2.6444,2845.0,12.2282
2203.4445,101.1833,-0.005,2.1778,2843.0,17.0137
2192.5556,96.14,-0.008,2.3667,2847.0,15.7345
2194.9555,102.2822,-0.0017,2.5778,2847.0,6.79
2226.0667,95.7489,0.0031,2.8111,2847.0,12.6346
2231.6111,93.7522,-0.0068,2.1222,2842.0,16.9809
2247.3666,104.36,0.0168,2.6222,2816.0,11.7345
2169.8334,101.9733,0.0101,1.9778,2861.0,18.1846
2200.2,103.8978,-0.007,2.4889,2837.0,12.4836
2219.7667,98.89,0.0018,2.6556,2846.0,6.7864
2249.2556,95.7967,0.0015,2.4778,2835.0,6.9896
2219.7667,98.89,-0.0108,2.4667,2844.0,11.0934
2153.9778,100.9367,-0.006,2.9333,2845.0,15.4345
2249.2556,95.7967,-0.0085,2.8778,2846.0,6.2611
2254.7111,90.9167,0.006,1.9556,2846.0,13.4346
2194.9555,102.2822,-0.0063,1.6667,2853.0,6.6403
2254.7111,90.9167,0.0127,2.6778,2845.0,9.6267
2206.1444,95.9511,-0.0068,2.9667,2851.0,16.48
2227.2222,95.5267,-0.0095,2.3111,2851.0,14.7345
2213.9111,96.9456,-0.0099,2.3111,2847.0,15.698
2153.9778,100.9367,-0.0014,2.5,2853.0,15.041
2231.6111,93.7522,-0.0119,2.6111,2849.0,13.6481
2211.5222,105.1278,0.014,2.0,2847.0,9.3164
2276.4556,93.6778,0.0069,2.1,2854.0,11.1082
2231.6111,93.7522,-0.0068,2.6444,2842.0,12.3423
2219.7667,98.89,-0.0102,2.2333,2842.0,14.7923
2192.5556,96.14,0.0006,2.0,2847.0,6.8102
2219.7667,98.89,-0.0015,2.2111,2849.0,13.2173
2226.0667,95.7489,-0.012,2.0,2842.0,18.6082
2208.5222,95.2056,0.0071,2.9667,2854.0,10.0196
2200.2,103.8978,-0.017,2.3444,2858.0,9.4297
2147.1111,103.2778,-0.0135,2.2111,2844.0,11.7075
2233.6334,99.0133,-0.0019,2.4667,2898.0,19.7446
2231.6111,93.7522,-0.0125,2.5,2851.0,16.5346
2168.7333,104.8544,-0.0053,2.8333,2855.0,17.0963
2200.2,103.8978,0.0046,2.7667,2847.0,12.4175
2227.2222,95.5267,0.0051,2.3667,2843.0,9.3531
2147.1111,103.2778,0.0052,1.9889,2849.0,11.2955
2231.6111,93.7522,-0.017,2.1556,2842.0,11.3003
2231.6111,93.7522,0.0094,2.6556,2853.0,14.05
2208.5222,95.2056,-0.0207,2.5222,2858.0,13.4251
2200.2,103.8978,0.0013,2.4556,2842.0,10.9182
2147.1111,103.2778,0.0059,1.7889,2853.0,6.9536
2147.1111,103.2778,-0.0051,2.3444,2854.0,13.2591
2178.5889,103.7022,0.0044,2.1556,2835.0,10.8825
2203.4445,101.1833,0.0076,2.7333,2836.0,12.8173
2178.4667,104.6267,-0.0152,2.0222,2860.0,16.1591
2222.0111,105.2711,-0.0034,2.2,2847.0,6.4632
2185.1,105.8489,-0.0112,2.5778,2881.0,16.8846
2244.9778,87.2789,0.018,2.3333,2892.0,18.4464
2200.2,103.8978,-0.0013,1.9333,2845.0,7.0437
2200.2,103.8978,-0.0094,2.2,2842.0,5.9372
2178.4667,104.6267,-0.0066,2.4667,2898.0,15.0191
2219.7667,98.89,0.0018,3.1444,2853.0,9.8009
2258.2778,96.9478,-0.0088,2.5889,2844.0,9.667
2266.8333,94.8489,-0.0136,2.6667,2853.0,6.656
2266.8333,94.8489,0.0064,2.0222,2846.0,6.1366
2186.9,104.3367,-0.0088,2.3444,2841.0,10.3098
2178.4667,104.6267,-0.0175,2.0333,2885.0,18.2491
2187.6667,105.0156,0.0148,1.9222,2837.0,13.5064
2249.2556,95.7967,-0.0064,2.3778,2842.0,12.5367
2266.8333,94.8489,0.01,2.5444,2895.0,16.6836
2250.3667,91.0589,-0.0124,2.4222,2849.0,13.3636
2176.4667,105.7178,-0.0094,1.7,2838.0,10.1236
2200.2,103.8978,-0.001,2.7,2853.0,8.2464
2219.7667,98.89,-0.0071,2.9222,2847.0,12.65
2187.6667,105.0156,0.0072,2.7222,2853.0,6.9811
2227.9778,87.22,-0.0064,2.6444,2838.0,12.6864
2200.2,103.8978,-0.0261,2.8,2853.0,14.3518
2169.9444,104.0144,0.0106,2.7,2879.0,13.3136
2169.9444,104.0144,-0.0048,2.1,2835.0,10.2928
2169.9444,104.0144,0.0016,2.3111,2877.0,14.8391
2169.9444,104.0144,0.0044,2.1778,2835.0,14.8582
2169.9444,104.0144,0.0028,2.9222,2877.0,13.8109
2266.8333,94.8489,-0.0055,1.8222,2838.0,15.6754
2222.0111,105.2711,-0.0057,2.5444,2845.0,11.39
2179.1111,103.5033,-0.0026,2.4333,2838.0,18.8973
2233.6334,99.0133,-0.0058,1.6667,2841.0,10.9936
2256.6,85.4278,0.0043,2.2667,2841.0,10.5463
2178.5889,103.7022,0.0081,2.1556,2838.0,16.9018
2249.2556,95.7967,-0.0057,2.5444,2835.0,6.8242
2249.2556,95.7967,-0.0123,2.0556,2852.0,13.3497
2249.2556,95.7967,-0.0078,1.0444,2844.0,11.9219
2137.6111,105.1889,-0.0136,2.3333,2826.0,11.4046
2256.6,85.4278,0.0141,1.6444,2853.0,8.4778
2276.4556,93.6778,-0.0018,2.7111,2837.0,14.4055
2260.7333,91.3367,0.0067,2.6111,2840.0,18.1764
2231.9555,96.8789,-0.0062,2.6,2853.0,19.5273
2244.9778,87.2789,0.0099,1.8667,2884.0,15.85
2158.7,106.3611,0.0009,2.1778,2893.0,16.6255
2227.9778,87.22,-0.0005,1.5,2886.0,11.4919
2231.9555,96.8789,0.0035,2.4444,2845.0,15.0182
2186.9,104.3367,-0.0117,2.2222,2884.0,10.7323
2187.7888,101.9267,-0.0114,2.0111,2837.0,17.2818
2231.9555,96.8789,0.003,2.7333,2853.0,11.3988
2206.1444,95.9511,-0.0033,2.9444,2871.0,17.5891
2219.7667,98.89,-0.0059,2.5444,2853.0,13.4082
2266.8333,94.8489,-0.004,1.9667,2841.0,8.4834
2269.2556,91.64,0.0006,1.8333,2881.0,17.3681
2182.6222,104.6689,0.0024,2.0778,2835.0,1.6591
2276.4556,93.6778,-0.0007,2.7222,2840.0,14.3082
2211.4334,86.7956,0.0021,0.7667,2855.0,14.87
2221.9778,86.17,0.0004,1.6667,2838.0,9.5081
2147.1111,103.2778,-0.0096,1.9111,2835.0,6.0447
2222.0111,105.2711,-0.0042,2.5222,2846.0,8.5647
2276.4556,93.6778,-0.0166,2.0778,2841.0,7.9142
2193.3555,104.4778,-0.0095,2.2556,2846.0,5.3865
2260.7333,91.3367,-0.0027,1.4778,2885.0,10.6973
2185.1,105.8489,-0.006,2.0,2847.0,15.3345
2165.0333,102.1067,0.0047,1.8556,2834.0,16.6436
2221.9778,86.17,-0.001,2.3222,2876.0,14.15
2137.6111,105.1889,0.0025,2.5667,2837.0,14.8564
2266.8333,94.8489,-0.0173,2.9667,2835.0,8.2156
2222.0111,105.2711,0.0049,1.9778,2842.0,11.6495
2221.9778,86.17,0.0059,2.4111,2889.0,18.4328
2260.7333,91.3367,-0.0065,2.0,2838.0,13.0918
2231.6111,93.7522,-0.0228,2.2111,2853.0,13.8996
2231.6111,93.7522,-0.0077,2.5222,2867.0,13.4282
2201.0667,101.5122,0.0038,2.7667,2864.0,17.5363
2243.8556,89.4944,-0.0038,2.3778,2842.0,6.8718
2168.7,108.0122,-0.0239,2.8778,2898.0,22.2982
2178.5889,103.7022,-0.0021,2.5222,2898.0,20.2418
2254.8667,87.8044,0.0133,1.7333,2826.0,15.1337
2244.5,90.0089,-0.0019,1.8111,2833.0,10.1343
2158.7,106.3611,-0.004,1.9,2835.0,9.1158
2244.5,90.0089,0.0163,2.3444,2860.0,11.7263
2165.0333,102.1067,0.0063,2.0,2838.0,12.3754
2165.0333,102.1067,-0.0001,2.3,2885.0,16.9064
2185.1,105.8489,-0.0056,1.6889,2873.0,11.54
2228.9445,100.6867,-0.0056,2.4444,2841.0,7.2614
2260.7333,91.3367,-0.0035,2.3778,2840.0,12.7646
2168.7,108.0122,-0.0073,2.2333,2829.0,8.4831
2168.7,108.0122,-0.0096,1.9778,2834.0,13.4254
2209.9555,85.7689,-0.0199,2.5333,2875.0,7.9772
2179.1111,103.5033,0.0038,2.9,2889.0,17.1628
2175.1222,105.9689,0.0029,2.3,2881.0,18.8672
2170.7444,104.2989,-0.01,2.0889,2835.0,7.7333
2228.9445,100.6867,-0.0073,1.9667,2838.0,8.0241
2243.8556,89.4944,-0.0035,2.5111,2846.0,9.4055
2244.5,90.0089,0.0163,2.2444,2837.0,16.4128
2182.0222,103.1978,-0.0117,2.6333,2881.0,14.35
2188.5111,105.8678,0.0043,2.5111,2885.0,15.3981
2175.1222,105.9689,0.0061,2.7778,2881.0,14.0018
2175.1222,105.9689,-0.0016,1.8667,2834.0,17.0836
2241.1778,98.59,-0.0019,2.6,2874.0,23.6318
2175.1222,105.9689,0.001,1.2778,2872.0,19.2872
2170.7444,104.2989,-0.0058,2.4556,2885.0,18.1973
2228.9445,100.6867,-0.0084,1.9222,2841.0,10.0348
2168.7,108.0122,0.0015,2.2444,2834.0,16.0227
2183.0556,102.9956,0.0014,2.5556,2829.0,12.1663
2241.1778,98.59,-0.0253,2.0667,2873.0,6.6955
2182.6222,104.6689,-0.0174,2.4778,2881.0,11.8434
2215.0222,96.79,-0.0002,2.1333,2829.0,8.7378
2175.2556,100.6222,0.0063,2.0556,2886.0,16.2027
2213.3444,96.1589,-0.0003,2.5333,2851.0,13.9936
2175.2556,100.6222,0.006,2.4333,2881.0,21.2546
2186.9,104.3367,-0.0074,1.3667,2835.0,7.456
2215.0222,96.79,0.0032,2.5556,2881.0,18.1982
2221.3667,88.6578,-0.0039,2.7222,2874.0,14.0645
2221.5667,100.7456,0.0059,2.1,2892.0,18.0991
2260.2222,97.1467,-0.0004,1.9444,2839.0,8.3718
2188.5111,105.8678,-0.002,2.1778,2837.0,13.7979
2226.5444,98.5244,-0.0077,2.5,2879.0,22.38
2231.9555,96.8789,0.0023,2.9444,2842.0,17.6954
2263.3222,85.1778,0.0039,2.0889,2858.0,14.22
2241.1778,98.59,-0.0039,2.2778,2835.0,13.2709
2243.8556,89.4944,-0.0141,1.8556,2853.0,17.2482
2244.9778,87.2789,0.0105,2.2556,2811.0,11.7563
2228.9445,100.6867,-0.0077,2.3667,2833.0,7.0232
2241.1778,98.59,-0.0014,2.2333,2833.0,6.3147
2172.1111,103.3633,-0.0085,2.6778,2872.0,7.2835
2222.0111,105.2711,-0.0029,2.2333,2849.0,15.569
2260.2222,97.1467,0.0058,1.7778,2886.0,11.0216
2232.0778,98.0044,-0.0026,1.7889,2811.0,12.7173
2231.9555,96.8789,0.0087,1.9889,2845.0,13.1809
2170.7444,104.2989,0.0066,2.4778,2892.0,19.2809
2185.1,105.8489,-0.0006,2.2111,2893.0,17.9545
2183.0556,102.9956,0.0042,1.4667,2886.0,7.1972
2218.7778,91.0211,-0.0013,2.0778,2885.0,14.5645
2188.5111,105.8678,-0.0007,2.3,2874.0,21.1146
2260.2222,97.1467,0.0118,1.6333,2893.0,15.4609
2218.7778,91.0211,-0.0045,2.3444,2838.0,16.3836
2239.7222,96.91,-0.0116,2.0667,2833.0,10.2612
2227.9778,87.22,-0.0012,2.1222,2842.0,12.2964
2269.2556,91.64,0.012,1.6889,2811.0,13.24605
2209.9555,85.7689,-0.0042,2.6333,2867.0,18.7318
2178.5889,103.7022,0.0097,2.0889,2838.0,11.6391
2170.7444,104.2989,-0.0074,2.3667,2867.0,16.23
2221.3667,88.6578,0.0033,1.6444,2837.0,13.5236
2194.9555,102.2822,-0.0152,2.1667,2844.0,10.5443
2255.5222,101.5878,0.0078,1.5667,2852.0,10.2756
2172.8111,102.7367,-0.006,2.0889,2815.0,15.7082
2172.8111,102.7367,0.0021,2.6,2828.0,15.2391
2165.5333,102.9378,-0.0074,2.6111,2837.0,20.41
2172.8111,102.7367,-0.002,3.0333,2854.0,14.98
2246.0666,103.61,-0.0012,2.7111,2828.0,17.8509
2172.8111,102.7367,-0.0103,2.5222,2831.0,7.5108
2243.8556,89.4944,-0.0012,2.7222,2838.0,11.3285
2226.4667,90.3111,-0.0029,1.6667,2842.0,12.3746
2172.8111,102.7367,-0.001,2.1556,2875.0,18.92
2173.4889,104.0556,0.0016,2.0111,2822.0,12.0643
2173.4889,104.0556,0.0012,2.4778,2833.0,6.5395
2191.8445,101.4244,-0.004,2.2111,2856.0,13.4172
2199.6556,103.0967,-0.0062,2.5444,2829.0,14.1155
2199.6556,103.0967,-0.0173,2.2,2870.0,12.9164
2173.4889,104.0556,0.0145,1.8444,2870.0,14.3118
2198.8556,102.7622,-0.0001,2.6111,2874.0,14.8328
2226.4667,90.3111,-0.0085,2.5444,2874.0,9.6229
2253.3444,94.9722,0.0009,2.4,2829.0,5.5133
2175.2556,100.6222,-0.0035,2.1222,2875.0,12.3363
2195.3,103.5467,0.0009,2.4667,2881.0,18.4018
2171.8556,100.1367,0.0067,2.5444,2892.0,14.9095
2255.5222,101.5878,0.0049,2.5222,2828.0,13.24605
2173.4889,104.0556,0.0095,1.8444,2830.0,13.7718
2173.4889,104.0556,0.0059,2.1333,2845.0,17.4437
2172.8111,102.7367,-0.0017,1.9778,2854.0,15.5427
2199.6556,103.0967,-0.0088,1.9556,2875.0,14.3136
2198.8556,102.7622,0.0052,1.9556,2827.0,10.3957
2255.5222,101.5878,0.0038,2.6444,2889.0,15.8055
2175.2556,100.6222,-0.0022,2.5333,2881.0,12.8818
2171.8556,100.1367,0.0008,1.2667,2835.0,17.1627
2236.1111,90.4233,0.0007,1.9111,2870.0,14.9345
2164.3666,104.1344,0.0009,2.2111,2870.0,12.0709
2221.3667,88.6578,0.0,2.7,2837.0,10.3651
2173.2778,103.82,0.0,1.9778,2837.0,11.7427
2201.6333,97.3978,-0.0056,2.8778,2860.0,10.4004
2167.0889,101.6667,-0.0005,2.0222,2822.0,9.1571
2199.6556,103.0967,0.0102,2.4778,2892.0,18.1582
2173.2778,103.82,0.0038,2.5778,2815.0,13.4927
2236.1111,90.4233,-0.0082,2.5,2875.0,13.91
2191.8445,101.4244,-0.0107,1.9556,2835.0,9.1362
2173.2778,103.82,-0.0114,2.8222,2835.0,9.5985
2173.2778,103.82,0.0054,2.3667,2837.0,9.6162
2236.1111,90.4233,0.0032,2.4333,2875.0,10.8718
2238.1444,91.0489,0.0016,2.8667,2874.0,14.6191
2211.4,97.47,0.0284,2.2111,2875.0,10.2437
2173.2778,103.82,0.0079,2.3111,2835.0,11.2827
2191.2111,97.6444,-0.0086,2.2556,2855.0,7.4813
2191.2111,97.6444,-0.0048,2.5889,2855.0,6.9615
2162.1333,104.9722,-0.0009,2.1444,2842.0,7.1114
2173.4889,104.0556,-0.0104,2.1556,2874.0,17.6454
2162.1333,104.9722,-0.0024,1.9,2889.0,18.3982
2208.9778,97.84,-0.0032,2.4444,2836.0,10.4755
2173.4889,104.0556,-0.0123,2.8556,2835.0,8.2235
2173.2778,103.82,-0.0282,2.1111,2878.0,12.6175
2211.4,97.47,0.0056,1.7444,2837.0,18.3273
2226.4667,90.3111,0.008,1.9222,2822.0,11.3066
2208.9778,97.84,0.0033,2.8778,2858.0,5.8936
2173.2778,103.82,-0.0033,2.2111,2852.0,7.9109
2255.5222,101.5878,0.0084,2.4444,2835.0,18.3263
2200.1222,97.7778,0.0009,2.2889,2831.0,8.2729
2209.8,112.1367,-0.0173,2.8444,2828.0,8.7662
2209.1,107.3156,-0.0014,2.5333,2877.0,19.4118
2209.8,112.1367,-0.0096,2.4556,2883.0,15.8318
2209.1,107.3156,-0.002,2.6778,2883.0,17.3991
2209.8,112.1367,-0.0125,2.6444,2883.0,10.9622
2191.8445,101.4244,0.0094,2.0889,2893.0,13.8363
2208.9778,97.84,0.0098,2.3889,2830.0,11.1955
2164.2667,129.2522,0.0004,2.3778,2815.0,13.1336
2203.1667,96.3311,0.0024,2.0778,2878.0,14.47
2199.6556,103.0967,-0.0095,2.1333,2852.0,7.7727
2197.2001,96.6233,0.0259,2.3556,2819.0,6.6886
2206.7999,97.3911,0.003,2.0778,2831.0,9.2873
2200.1222,97.7778,0.0054,1.8111,2881.0,15.7709
2191.6445,96.4644,-0.0132,2.3444,2854.0,12.6391
2209.8,112.1367,0.0062,2.7778,2828.0,11.1
2202.4556,110.9933,0.0064,2.7889,2828.0,12.6991
2203.1667,96.3311,-0.0028,2.9222,2878.0,14.642
2202.4556,110.9933,0.0001,2.2889,2828.0,11.9664
2202.4556,110.9933,0.0084,1.8778,2828.0,13.8454
2203.1667,96.3311,0.0187,1.8111,2824.0,12.7355
2203.1667,96.3311,0.0196,2.1778,2870.0,19.0536
2164.2667,129.2522,-0.0007,2.3222,2827.0,7.7248
2209.8,112.1367,-0.005,1.9667,2827.0,8.7729
2228.4778,93.6222,0.0064,2.3889,2835.0,11.2255
2206.7999,97.3911,0.0079,2.7222,2835.0,17.7954
2209.1,107.3156,0.002,2.6333,2830.0,12.4518
2164.2667,129.2522,-0.0035,2.5333,2827.0,11.9358
2162.1333,104.9722,-0.0053,2.3556,2875.0,9.0627
2209.1,107.3156,-0.0069,2.1889,2823.0,13.7582
2162.1333,104.9722,-0.0122,2.1889,2834.0,13.8409
2164.3666,104.1344,0.0028,2.7333,2829.0,11.1593
2224.1889,86.1644,0.0084,2.4556,2815.0,13.5445
2211.4,97.47,-0.0059,2.0,2829.0,13.1431
2209.1,107.3156,0.0054,2.1111,2877.0,13.3982
2203.1667,96.3311,0.0168,2.4111,2831.0,9.8904
2189.6778,107.4811,0.0099,2.4556,2879.0,12.9081
2189.6778,107.4811,0.0192,2.2444,2837.0,16.01
2189.6778,107.4811,0.0014,2.3444,2858.0,7.9105
2208.9,119.3544,0.004,2.3,2828.0,7.9995
2189.6778,107.4811,0.0123,2.3111,2871.0,16.1009
2189.6778,107.4811,0.0052,2.5556,2830.0,16.8491
2205.2555,95.2556,0.0018,2.0222,2854.0,12.1509
2210.8556,97.1056,0.0039,2.5889,2823.0,11.3727
2210.8556,97.1056,-0.0027,3.1556,2879.0,10.3891
2236.1111,90.4233,-0.0095,1.8667,2822.0,13.4273
2210.8556,97.1056,0.0039,2.6667,2879.0,12.1881
2203.1667,96.3311,-0.0064,2.0889,2854.0,14.2328
2213.2889,85.45,-0.0135,2.1778,2845.0,17.1018
2208.9,119.3544,-0.0164,2.6889,2834.0,16.0309
2210.8556,97.1056,0.0039,1.9333,2862.0,9.7528
2205.2555,95.2556,0.0108,2.2667,2877.0,10.5946
2208.9778,97.84,-0.0007,1.7444,2837.0,16.3182
2162.1333,104.9722,-0.005,2.0111,2831.0,10.3961
2203.1667,96.3311,-0.0137,2.9,2858.0,11.0109
2208.9,119.3544,0.0191,2.7889,2831.0,11.2296
2162.1333,104.9722,0.0089,1.9444,2815.0,13.0309
2211.4,97.47,-0.0123,2.8889,2831.0,9.2946
2205.2555,95.2556,0.004,2.6667,2854.0,13.4773
2223.0444,112.5811,-0.0075,2.5889,2858.0,15.3527
2223.0444,112.5811,0.0073,2.0111,2870.0,13.4673
2206.4,116.8167,0.0065,2.8,2879.0,7.0
2212.3,92.37,0.0099,2.2444,2828.0,12.923
2223.0444,112.5811,0.0105,2.0333,2871.0,20.4236
2223.0444,112.5811,0.0196,2.3444,2828.0,11.5518
2210.8556,97.1056,0.0092,2.1556,2880.0,14.2063
2206.4,116.8167,0.0123,2.6222,2871.0,18.4754
2223.0444,112.5811,0.0064,2.1111,2845.0,21.8591
2206.4,116.8167,0.0007,2.3444,2823.0,12.4691
2207.9555,95.4022,0.009,2.3333,2888.0,13.231
2183.5889,104.0856,-0.0071,2.3444,2874.0,21.27
2228.4778,93.6222,0.0019,2.0333,2815.0,8.3765
2212.3,92.37,0.005,2.3778,2877.0,7.534
2223.0444,112.5811,0.0067,1.6333,2877.0,12.4014
2212.3,92.37,-0.0073,2.4222,2878.0,12.7055
2223.0444,112.5811,0.0015,2.0444,2880.0,9.3073
2223.0444,112.5811,-0.0034,2.5,2835.0,6.7595
2207.9555,95.4022,0.0043,2.0,2877.0,17.6763
2207.9555,95.4022,0.0141,2.4333,2867.0,10.8691
2212.3,92.37,-0.0032,1.8222,2877.0,19.2891
2209.6667,89.7222,0.009,1.8889,2828.0,9.3951
2206.4,116.8167,0.0005,2.8,2871.0,18.1427
2231.0555,95.7878,0.0048,2.6667,2888.0,11.9366
2209.6667,89.7222,0.017,2.0444,2826.0,16.8191
2206.4,116.8167,0.0022,1.9667,2877.0,10.22
2212.3,92.37,0.0,2.1778,2854.0,12.2481
2231.0555,95.7878,0.0075,2.4667,2878.0,12.8237
2231.0555,95.7878,0.017,1.9556,2828.0,16.7264
2207.9555,95.4022,0.0012,2.1667,2888.0,16.8346
2207.9555,95.4022,0.0128,2.0,2888.0,21.0745
2223.0444,112.5811,0.0055,2.5111,2855.0,4.5836
2167.0889,101.6667,0.0094,2.3333,2875.0,14.3272
2211.4,97.47,-0.007,2.0111,2854.0,18.2227
2206.4,116.8167,0.0001,2.0556,2823.0,12.5907
2231.0555,95.7878,0.0011,1.9,2860.0,13.62
2231.0555,95.7878,-0.0007,1.7444,2838.0,5.9698
2231.0555,95.7878,-0.0141,1.6889,2835.0,6.7378
2209.4667,95.1156,-0.0039,1.7667,2823.0,12.4601
2207.9555,95.4022,0.0101,2.0,2871.0,18.2436
2206.9667,97.17,0.0002,2.3222,2826.0,14.6255
2209.6667,89.7222,-0.002,1.8444,2827.0,12.1855
2209.4667,95.1156,-0.0015,2.0111,2858.0,8.8241
2212.3,92.37,0.0073,2.8222,2878.0,12.2364
2209.4667,95.1156,-0.0216,2.4778,2859.0,10.6836
2209.6667,89.7222,-0.0004,2.5333,2828.0,7.6373
2223.0444,112.5811,0.0015,2.5333,2879.0,10.8237
2206.4,116.8167,0.0293,2.3667,2878.0,16.2618
2206.4,116.8167,0.0073,2.7556,2831.0,17.3745
2207.9555,95.4022,-0.0043,2.0222,2889.0,12.5173
2206.9667,97.17,0.0085,2.1778,2860.0,12.0182
2218.7333,97.43,0.0142,2.1444,2867.0,7.6909
2216.8333,95.9856,-0.0216,2.1444,2888.0,15.9342
2207.1444,97.5678,-0.0014,1.8111,2889.0,9.0135
2206.4,116.8167,0.0063,2.7111,2836.0,9.1691
2231.0555,95.7878,-0.0058,2.1333,2877.0,9.9773
2200.2111,98.3222,0.0046,1.7667,2876.0,17.2718
2192.1889,107.3989,-0.0063,2.0889,2859.0,12.2463
2217.0,93.6611,-0.001,2.1556,2883.0,6.8877
2210.7333,99.42,-0.011,2.9889,2873.0,8.1701
2217.0,93.6611,-0.0164,2.2222,2876.0,11.4664
2217.0,93.6611,-0.0152,1.9889,2869.0,12.9155
2196.1111,94.6522,0.0058,1.5556,2828.0,11.6827
2200.2111,98.3222,-0.0109,2.3333,2867.0,10.038
2217.5778,104.9022,-0.0046,1.9556,2860.0,15.3128
2215.8111,98.45,0.0027,1.9778,2888.0,13.0964
2192.1889,107.3989,0.0023,2.2778,2859.0,19.1402
2216.8333,95.9856,0.0016,2.2556,2883.0,13.5073
2192.1889,107.3989,0.0048,1.6333,2828.0,16.3073
2172.8111,102.7367,-0.0058,1.7556,2835.0,12.1018
2192.1889,107.3989,-0.0006,2.7556,2876.0,15.66
2210.7333,99.42,-0.0032,2.1556,2883.0,21.2018
2192.1889,107.3989,-0.005,2.2444,2882.0,20.4364
2200.2111,98.3222,0.0095,2.7556,2871.0,15.0318
2217.5778,104.9022,-0.0037,1.9889,2829.0,11.4746
2215.8111,98.45,-0.001,2.4111,2828.0,9.054
2200.2111,98.3222,0.0053,2.3222,2873.0,13.2772
2217.0,93.6611,-0.0057,2.4556,2854.0,9.2521
2200.2111,98.3222,-0.0017,1.8889,2888.0,10.7126
2215.8111,98.45,-0.0113,2.3778,2867.0,10.0594
2217.0,93.6611,-0.0108,2.0556,2869.0,9.8145
2195.9778,103.24,0.0176,2.2444,2882.0,15.53
2195.9778,103.24,-0.0202,1.9889,2860.0,12.97
2211.0667,97.0089,-0.0025,2.2556,2867.0,6.2838
2150.0556,100.9744,-0.0182,2.2222,2820.0,11.4245
2217.0,93.6611,-0.0062,1.7111,2873.0,11.8624
2150.0556,100.9744,-0.0228,2.7333,2889.0,8.2124
2200.2111,98.3222,-0.0001,1.8889,2888.0,16.6764
2195.9778,103.24,-0.028,2.6111,2876.0,12.3591
2162.5556,100.4111,-0.006,1.8,2803.0,12.6218
2205.5,111.7644,-0.0022,2.2556,2873.0,10.98
2211.0667,97.0089,-0.0349,2.3111,2873.0,14.3336
2150.0556,100.9744,-0.0189,2.2444,2882.0,15.2782
2180.8889,94.2467,-0.0209,2.6444,2879.0,13.9973
2187.9889,97.6567,-0.0121,2.1111,2882.0,10.7688
2180.8889,94.2467,-0.0137,2.8,2888.0,13.5536
2205.5,111.7644,-0.0036,2.7889,2820.0,22.6591
2195.9778,103.24,-0.0137,2.2333,2889.0,10.1354
2192.1889,107.3989,-0.0125,1.9444,2873.0,22.33
2205.5,111.7644,-0.0103,2.0222,2876.0,11.5146
2205.5,111.7644,-0.0142,2.3444,2869.0,17.0755
2162.5556,100.4111,0.0064,1.4667,2803.0,7.1904
2150.0556,100.9744,-0.0173,1.6333,2873.0,20.7773
2217.0,93.6611,0.002,2.8111,2888.0,13.4246
2215.8111,98.45,-0.0006,2.2111,2871.0,34.4209
2195.9778,103.24,-0.0179,2.8222,2877.0,4.8598
2205.5,111.7644,-0.0077,2.1778,2869.0,13.9918
2192.1889,107.3989,-0.0039,1.8667,2820.0,14.36
2180.8889,94.2467,0.007,1.9333,2876.0,15.7082
2195.9778,103.24,-0.0065,2.6667,2820.0,9.8854
2216.8333,95.9856,0.0102,2.4222,2829.0,10.7146
2187.9889,97.6567,0.0107,1.3222,2803.0,10.8428
2209.4667,95.1156,-0.0057,2.0,2816.0,20.0673
2162.5556,100.4111,0.0017,1.5667,2861.0,22.3227
2239.4111,115.6522,0.0021,2.5333,2882.0,11.6023
2281.5667,108.3144,0.0035,2.1667,2835.0,9.8212
2176.8,96.2367,0.0095,2.5778,2820.0,14.8573
2201.0667,101.5122,0.0018,2.5333,2858.0,6.4922
2239.4111,115.6522,0.002,1.6556,2879.0,15.1727
2201.0667,101.5122,-0.0007,2.9778,2819.0,11.4185
2187.9889,97.6567,-0.007,1.8889,2861.0,19.2018
2239.4111,115.6522,0.0067,2.1556,2820.0,11.3628
2167.6888,99.5989,-0.0076,2.0111,2873.0,14.0181
2218.8111,115.38,-0.0051,2.0111,2820.0,7.7153
2239.4111,115.6522,0.0091,1.8667,2882.0,12.8988
2306.1,88.4722,-0.0026,2.2556,2823.0,13.0386
2218.8111,115.38,0.0123,1.8556,2882.0,17.0237
2236.1111,90.4233,-0.005,2.2889,2892.0,37.2708
2201.0667,101.5122,-0.0001,2.8111,2858.0,14.7073
2201.0667,101.5122,-0.0034,3.1111,2854.0,10.5845
2201.0667,101.5122,-0.0047,1.8333,2878.0,16.9337
2195.1,96.31,-0.0122,2.1778,2881.0,3.677
2195.1,96.31,-0.0153,2.2889,2881.0,4.2245
2207.1,96.9478,-0.0044,1.9556,2880.0,19.62
2184.4222,99.4367,-0.011,2.1444,2881.0,4.5752
2199.3,113.3544,0.015,2.5778,2882.0,14.9418
2201.0667,101.5122,0.005,2.0667,2877.0,13.0255
2207.1,96.9478,-0.014,2.0222,2880.0,12.8672
2201.0667,101.5122,0.0037,2.7222,2824.0,9.8903
2168.5111,101.6567,0.0031,2.1889,2888.0,12.06
2207.1,96.9478,-0.0012,2.1889,2880.0,9.8418
2204.6667,103.9611,0.0017,2.7111,2813.0,11.4363
2182.5555,112.2922,0.0033,2.7444,2879.0,4.8451
2195.1,96.31,-0.0138,2.0222,2822.0,6.7622
2195.1,96.31,-0.0213,1.7111,2879.0,3.9514
2207.1,96.9478,0.0118,2.1556,2872.0,14.0746
2201.2889,119.9011,-0.0068,2.4444,2918.0,22.0964
2207.1,96.9478,-0.0058,1.9444,2876.0,5.1982
2204.2889,86.1089,0.008,2.6333,2820.0,15.2091
2204.6667,103.9611,0.0078,2.3444,2883.0,8.4991
2182.4111,82.1311,0.004,2.4444,2828.0,9.7
2182.4111,82.1311,0.015,2.7444,2882.0,18.3764
2204.6667,103.9611,-0.0089,2.2444,2883.0,8.0718
2204.6667,103.9611,-0.0194,2.4889,2883.0,8.2146
2204.2889,86.1089,-0.0042,1.9889,2822.0,10.6327
2177.4333,83.17,0.0135,2.5,2852.0,12.0564
2191.5,97.72,-0.0023,2.2778,2864.0,9.0228
2191.5,97.72,0.0067,2.2222,2918.0,19.61
2181.1889,108.14,0.0043,2.3667,2888.0,22.5675
2192.7556,123.4244,0.0082,2.5556,2820.0,8.3091
2195.4444,85.1011,0.0017,1.4778,2864.0,6.6745
2181.1889,108.14,-0.0066,1.9667,2884.0,10.4146
2182.5555,112.2922,-0.004,1.9,2828.0,15.0036
2192.7556,123.4244,0.0046,2.4,2885.0,6.2525
2187.9889,97.6567,0.0085,1.7667,2861.0,18.1627
2217.4111,101.3511,0.003,2.4222,2849.0,11.2145
2201.2889,119.9011,0.0017,2.2111,2918.0,14.6909
2204.6667,103.9611,0.008,2.4444,2813.0,9.5452
2190.7666,83.8767,-0.0128,2.5444,2803.0,9.4115
2177.4333,83.17,0.0056,2.0667,2852.0,10.8065
2187.3444,85.4189,0.0007,1.5556,2879.0,14.4828
2204.2889,86.1089,0.0027,1.8111,2883.0,16.75
2177.4333,83.17,0.0086,1.7222,2915.0,8.7527
2192.7556,123.4244,-0.0025,1.9333,2879.0,4.4964
2192.7889,104.5867,-0.0031,1.6333,2822.0,11.5891
2177.4333,83.17,0.0048,2.1111,2820.0,10.1857
2191.3556,97.1556,0.0046,2.6889,2815.0,6.2829
2191.3556,97.1556,-0.0056,2.2556,2876.0,9.5871
2208.5889,107.63,0.0035,2.3111,2831.0,5.863
2192.7889,104.5867,-0.0068,2.1778,2843.0,9.76
2190.7666,83.8767,-0.012,1.8111,2884.0,17.8318
2205.5,111.7644,0.0032,2.3111,2876.0,18.4936
2190.7666,83.8767,0.0021,2.6778,2883.0,7.2728
2264.7,99.6356,-0.0063,2.6222,2874.0,18.1127
2192.7889,104.5867,0.0006,2.7889,2871.0,13.7836
2192.7889,104.5867,-0.0065,2.1889,2883.0,16.8155
2179.7333,82.2467,0.0044,2.4,2884.0,17.5373
2223.5333,97.2189,-0.0049,1.9222,2876.0,8.5627
2196.1111,94.6522,-0.0055,2.2444,2846.0,9.6172
2223.5333,97.2189,0.0028,1.8778,2852.0,14.3964
2190.7666,83.8767,-0.0074,2.5333,2876.0,9.3546
2204.6667,103.9611,0.0035,2.3556,2820.0,11.2718
2187.3444,85.4189,0.0364,1.8,2918.0,17.2736
2223.5333,97.2189,-0.017,1.7889,2918.0,22.5082
2192.7889,104.5867,-0.0012,2.3444,2883.0,9.4814
2191.3556,97.1556,0.0097,1.7556,2803.0,5.9923
2190.7666,83.8767,0.0085,2.8333,2874.0,6.8877
2179.7333,82.2467,0.0046,2.5111,2915.0,11.7637
2217.4111,101.3511,-0.006,1.6,2805.0,6.9914
2177.0333,98.7978,-0.0077,1.9111,2820.0,16.2055
2192.7889,104.5867,-0.0109,2.4222,2803.0,10.0306
2167.4222,83.8222,0.0043,2.6778,2879.0,3.15
2184.9889,114.5856,-0.0026,2.6556,2879.0,4.8178
2155.8556,123.41,0.0016,2.0556,2879.0,3.3288
2192.7889,104.5867,0.0051,2.1333,2805.0,5.4095
2191.3556,97.1556,-0.0019,2.5667,2884.0,10.9218
2192.7889,104.5867,-0.0075,1.7222,2843.0,6.768
2223.5333,97.2189,0.0078,1.5222,2874.0,8.7955
2187.3444,85.4189,-0.0056,2.4556,2811.0,7.8606
2190.7666,83.8767,0.0,2.1444,2889.0,18.7736
2216.8111,114.5533,-0.0169,2.3889,2884.0,10.5846
2210.3556,119.8822,0.0038,2.0889,2910.0,7.6719
2210.3556,119.8822,0.0037,1.6556,2876.0,5.782
2210.3556,119.8822,0.0031,1.9444,2910.0,9.8361
2212.8445,113.8833,0.0135,2.5222,2821.0,8.1758
2212.8445,113.8833,0.0139,2.5333,2804.0,14.1564
2167.4222,83.8222,-0.0024,2.6333,2820.0,11.6236
2212.6334,113.4278,0.0142,1.6778,2821.0,6.6796
2195.4444,85.1011,-0.0005,2.1222,2821.0,7.8891
2195.4444,85.1011,0.0039,2.0889,2915.0,8.7491
2192.7556,123.4244,-0.0048,2.2111,2889.0,18.8782
2195.1,96.31,-0.0029,2.0222,2803.0,10.3865
2210.3556,119.8822,0.0018,2.1778,2910.0,8.16
2182.5555,112.2922,0.0003,2.4778,2855.0,8.4647
2181.1889,108.14,-0.0016,2.1444,2871.0,16.18
2179.7333,82.2467,-0.0033,2.3333,2820.0,11.3236
2177.4333,83.17,0.0096,2.7333,2855.0,7.8182
2217.4111,101.3511,0.0023,1.8444,2843.0,9.4222
2217.4111,101.3511,-0.0063,2.6333,2874.0,9.06
2204.2889,86.1089,0.0017,2.4111,2885.0,7.4646
2212.6334,113.4278,0.0127,2.1778,2821.0,6.7499
2179.7333,82.2467,-0.0057,2.2222,2864.0,9.4918
2198.5667,98.4689,-0.0093,2.0,2829.0,13.2491
2206.3,99.4122,0.0004,2.2333,2804.0,10.6773
2177.0333,98.7978,0.0032,2.9667,2883.0,7.7718
2195.4444,85.1011,0.0004,2.5889,2874.0,8.5542
